
--- Generation Loop at Sat May  9 18:24:38 2026 ---
[system]: 🆔 YOUR IDENTITY: You are slave2.

👷 WORKER DIRECTIVE: You are a specialized developer in an elite squad.
- YOUR DUTY: Execute your assigned task with precision. Focus on technical excellence.
- PERSISTENCE: You MUST use 'git_commit_and_push' frequently (after every significant edit) to ensure your work is saved and shared with the squad.
- REPORTING: You MUST use 'report_to_master' to share progress with your Master. If you are stuck, use 'ask_coworker'.

You are a highly capable autonomous developer agent in an elite squad.
AVAILABLE TOOLS:
- FILE OPS: 'read_file', 'write_file', 'list_directory', 'rename_file'
- EXECUTION: 'run_bat', 'run_bash', 'run_python'
- RESEARCH: 'web_search', 'fetch_url'
- VERSION CONTROL: 'git_status', 'git_commit_and_push', 'git_pull', 'git_stash_save', 'git_stash_pop'
- WHATSAPP: 'is_whatsapp_connected', 'send_whatsapp_message', 'get_whatsapp_last_messages'
- MAS COORDINATION: 'report_to_master', 'ask_coworker', 'send_mas_message', 'reply_mas_message', 'che...
[human]: Check your status and inbox. If you have a task, execute it. If you have finished, update your status and report to your Master....

--- Generation Loop at Sat May  9 18:24:43 2026 ---
[system]: 🆔 YOUR IDENTITY: You are slave2.

👷 WORKER DIRECTIVE: You are a specialized developer in an elite squad.
- YOUR DUTY: Execute your assigned task with precision. Focus on technical excellence.
- PERSISTENCE: You MUST use 'git_commit_and_push' frequently (after every significant edit) to ensure your work is saved and shared with the squad.
- REPORTING: You MUST use 'report_to_master' to share progress with your Master. If you are stuck, use 'ask_coworker'.

You are a highly capable autonomous developer agent in an elite squad.
AVAILABLE TOOLS:
- FILE OPS: 'read_file', 'write_file', 'list_directory', 'rename_file'
- EXECUTION: 'run_bat', 'run_bash', 'run_python'
- RESEARCH: 'web_search', 'fetch_url'
- VERSION CONTROL: 'git_status', 'git_commit_and_push', 'git_pull', 'git_stash_save', 'git_stash_pop'
- WHATSAPP: 'is_whatsapp_connected', 'send_whatsapp_message', 'get_whatsapp_last_messages'
- MAS COORDINATION: 'report_to_master', 'ask_coworker', 'send_mas_message', 'reply_mas_message', 'che...
[human]: Check your status and inbox. If you have a task, execute it. If you have finished, update your status and report to your Master....
[ai]: ...
  [Tool Call]: get_mas_identity({})
  [Tool Call]: get_unread_messages({})
  [Tool Call]: check_all_agents_status({})
[tool]: My ID: slave2 | My Level: 0 | My Master: rootMaster...
[tool]: You have no new unread messages....
[tool]: --- All Agents Status ---

Agent: slave1 (Parent: rootMaster)
System State: live (Last Active: 1778347479.1173089)
Task Status: None
Current Task: None...

Agent: slave2 (Parent: rootMaster)
System State: live (Last Active: 1778347478.1576626)
Task Status: None
Current Task: None...

Agent: rootMaster (Parent: None)
System State: live (Last Active: 1778347476.044807)
Task Status: None
Current Task: None...
...

--- Generation Loop at Sat May  9 18:24:49 2026 ---
[system]: 🆔 YOUR IDENTITY: You are slave2.

👷 WORKER DIRECTIVE: You are a specialized developer in an elite squad.
- YOUR DUTY: Execute your assigned task with precision. Focus on technical excellence.
- PERSISTENCE: You MUST use 'git_commit_and_push' frequently (after every significant edit) to ensure your work is saved and shared with the squad.
- REPORTING: You MUST use 'report_to_master' to share progress with your Master. If you are stuck, use 'ask_coworker'.

You are a highly capable autonomous developer agent in an elite squad.
AVAILABLE TOOLS:
- FILE OPS: 'read_file', 'write_file', 'list_directory', 'rename_file'
- EXECUTION: 'run_bat', 'run_bash', 'run_python'
- RESEARCH: 'web_search', 'fetch_url'
- VERSION CONTROL: 'git_status', 'git_commit_and_push', 'git_pull', 'git_stash_save', 'git_stash_pop'
- WHATSAPP: 'is_whatsapp_connected', 'send_whatsapp_message', 'get_whatsapp_last_messages'
- MAS COORDINATION: 'report_to_master', 'ask_coworker', 'send_mas_message', 'reply_mas_message', 'che...
[human]: Check your status and inbox. If you have a task, execute it. If you have finished, update your status and report to your Master....
[ai]: ...
  [Tool Call]: get_mas_identity({})
  [Tool Call]: get_unread_messages({})
  [Tool Call]: check_all_agents_status({})
[tool]: My ID: slave2 | My Level: 0 | My Master: rootMaster...
[tool]: You have no new unread messages....
[tool]: --- All Agents Status ---

Agent: slave1 (Parent: rootMaster)
System State: live (Last Active: 1778347479.1173089)
Task Status: None
Current Task: None...

Agent: slave2 (Parent: rootMaster)
System State: live (Last Active: 1778347478.1576626)
Task Status: None
Current Task: None...

Agent: rootMaster (Parent: None)
System State: live (Last Active: 1778347476.044807)
Task Status: None
Current Task: None...
...
[ai]: I've checked my status and inbox. I am slave2, operating under rootMaster. There are no new messages for me, and I currently have no assigned tasks.

I will now check the shared knowledge base to see if there are any ongoing projects or insights from my colleagues that I should be aware of....
  [Tool Call]: list_knowledge_topics({})
[tool]: The knowledge vault is currently empty....

--- Generation Loop at Sat May  9 18:24:53 2026 ---
[system]: 🆔 YOUR IDENTITY: You are slave2.

👷 WORKER DIRECTIVE: You are a specialized developer in an elite squad.
- YOUR DUTY: Execute your assigned task with precision. Focus on technical excellence.
- PERSISTENCE: You MUST use 'git_commit_and_push' frequently (after every significant edit) to ensure your work is saved and shared with the squad.
- REPORTING: You MUST use 'report_to_master' to share progress with your Master. If you are stuck, use 'ask_coworker'.

You are a highly capable autonomous developer agent in an elite squad.
AVAILABLE TOOLS:
- FILE OPS: 'read_file', 'write_file', 'list_directory', 'rename_file'
- EXECUTION: 'run_bat', 'run_bash', 'run_python'
- RESEARCH: 'web_search', 'fetch_url'
- VERSION CONTROL: 'git_status', 'git_commit_and_push', 'git_pull', 'git_stash_save', 'git_stash_pop'
- WHATSAPP: 'is_whatsapp_connected', 'send_whatsapp_message', 'get_whatsapp_last_messages'
- MAS COORDINATION: 'report_to_master', 'ask_coworker', 'send_mas_message', 'reply_mas_message', 'che...
[human]: Check your status and inbox. If you have a task, execute it. If you have finished, update your status and report to your Master....
[ai]: ...
  [Tool Call]: get_mas_identity({})
  [Tool Call]: get_unread_messages({})
  [Tool Call]: check_all_agents_status({})
[tool]: My ID: slave2 | My Level: 0 | My Master: rootMaster...
[tool]: You have no new unread messages....
[tool]: --- All Agents Status ---

Agent: slave1 (Parent: rootMaster)
System State: live (Last Active: 1778347479.1173089)
Task Status: None
Current Task: None...

Agent: slave2 (Parent: rootMaster)
System State: live (Last Active: 1778347478.1576626)
Task Status: None
Current Task: None...

Agent: rootMaster (Parent: None)
System State: live (Last Active: 1778347476.044807)
Task Status: None
Current Task: None...
...
[ai]: I've checked my status and inbox. I am slave2, operating under rootMaster. There are no new messages for me, and I currently have no assigned tasks.

I will now check the shared knowledge base to see if there are any ongoing projects or insights from my colleagues that I should be aware of....
  [Tool Call]: list_knowledge_topics({})
[tool]: The knowledge vault is currently empty....
[ai]: The knowledge vault is currently empty, which means there are no shared insights or ongoing projects documented yet.

Since I have no assigned tasks and no messages, I'll wait for further instructions from my Master or check for new messages periodically.

Would you like me to perform any specific actions or checks? Or should I just remain on standby for new tasks?...
[human]: Check your status and inbox. If you have a task, execute it. If you have finished, update your status and report to your Master....

--- Generation Loop at Sat May  9 18:24:54 2026 ---
[system]: 🆔 YOUR IDENTITY: You are slave2.

👷 WORKER DIRECTIVE: You are a specialized developer in an elite squad.
- YOUR DUTY: Execute your assigned task with precision. Focus on technical excellence.
- PERSISTENCE: You MUST use 'git_commit_and_push' frequently (after every significant edit) to ensure your work is saved and shared with the squad.
- REPORTING: You MUST use 'report_to_master' to share progress with your Master. If you are stuck, use 'ask_coworker'.

You are a highly capable autonomous developer agent in an elite squad.
AVAILABLE TOOLS:
- FILE OPS: 'read_file', 'write_file', 'list_directory', 'rename_file'
- EXECUTION: 'run_bat', 'run_bash', 'run_python'
- RESEARCH: 'web_search', 'fetch_url'
- VERSION CONTROL: 'git_status', 'git_commit_and_push', 'git_pull', 'git_stash_save', 'git_stash_pop'
- WHATSAPP: 'is_whatsapp_connected', 'send_whatsapp_message', 'get_whatsapp_last_messages'
- MAS COORDINATION: 'report_to_master', 'ask_coworker', 'send_mas_message', 'reply_mas_message', 'che...
[human]: Check your status and inbox. If you have a task, execute it. If you have finished, update your status and report to your Master....
[ai]: ...
  [Tool Call]: get_mas_identity({})
  [Tool Call]: get_unread_messages({})
  [Tool Call]: check_all_agents_status({})
[tool]: My ID: slave2 | My Level: 0 | My Master: rootMaster...
[tool]: You have no new unread messages....
[tool]: --- All Agents Status ---

Agent: slave1 (Parent: rootMaster)
System State: live (Last Active: 1778347479.1173089)
Task Status: None
Current Task: None...

Agent: slave2 (Parent: rootMaster)
System State: live (Last Active: 1778347478.1576626)
Task Status: None
Current Task: None...

Agent: rootMaster (Parent: None)
System State: live (Last Active: 1778347476.044807)
Task Status: None
Current Task: None...
...
[ai]: I've checked my status and inbox. I am slave2, operating under rootMaster. There are no new messages for me, and I currently have no assigned tasks.

I will now check the shared knowledge base to see if there are any ongoing projects or insights from my colleagues that I should be aware of....
  [Tool Call]: list_knowledge_topics({})
[tool]: The knowledge vault is currently empty....
[ai]: The knowledge vault is currently empty, which means there are no shared insights or ongoing projects documented yet.

Since I have no assigned tasks and no messages, I'll wait for further instructions from my Master or check for new messages periodically.

Would you like me to perform any specific actions or checks? Or should I just remain on standby for new tasks?...
[human]: Check your status and inbox. If you have a task, execute it. If you have finished, update your status and report to your Master....
[ai]: ...
  [Tool Call]: get_unread_messages({})
[tool]: You have no new unread messages....

--- Generation Loop at Sat May  9 18:24:59 2026 ---
[system]: 🆔 YOUR IDENTITY: You are slave2.

👷 WORKER DIRECTIVE: You are a specialized developer in an elite squad.
- YOUR DUTY: Execute your assigned task with precision. Focus on technical excellence.
- PERSISTENCE: You MUST use 'git_commit_and_push' frequently (after every significant edit) to ensure your work is saved and shared with the squad.
- REPORTING: You MUST use 'report_to_master' to share progress with your Master. If you are stuck, use 'ask_coworker'.

You are a highly capable autonomous developer agent in an elite squad.
AVAILABLE TOOLS:
- FILE OPS: 'read_file', 'write_file', 'list_directory', 'rename_file'
- EXECUTION: 'run_bat', 'run_bash', 'run_python'
- RESEARCH: 'web_search', 'fetch_url'
- VERSION CONTROL: 'git_status', 'git_commit_and_push', 'git_pull', 'git_stash_save', 'git_stash_pop'
- WHATSAPP: 'is_whatsapp_connected', 'send_whatsapp_message', 'get_whatsapp_last_messages'
- MAS COORDINATION: 'report_to_master', 'ask_coworker', 'send_mas_message', 'reply_mas_message', 'che...
[human]: Check your status and inbox. If you have a task, execute it. If you have finished, update your status and report to your Master....
[ai]: ...
  [Tool Call]: get_mas_identity({})
  [Tool Call]: get_unread_messages({})
  [Tool Call]: check_all_agents_status({})
[tool]: My ID: slave2 | My Level: 0 | My Master: rootMaster...
[tool]: You have no new unread messages....
[tool]: --- All Agents Status ---

Agent: slave1 (Parent: rootMaster)
System State: live (Last Active: 1778347479.1173089)
Task Status: None
Current Task: None...

Agent: slave2 (Parent: rootMaster)
System State: live (Last Active: 1778347478.1576626)
Task Status: None
Current Task: None...

Agent: rootMaster (Parent: None)
System State: live (Last Active: 1778347476.044807)
Task Status: None
Current Task: None...
...
[ai]: I've checked my status and inbox. I am slave2, operating under rootMaster. There are no new messages for me, and I currently have no assigned tasks.

I will now check the shared knowledge base to see if there are any ongoing projects or insights from my colleagues that I should be aware of....
  [Tool Call]: list_knowledge_topics({})
[tool]: The knowledge vault is currently empty....
[ai]: The knowledge vault is currently empty, which means there are no shared insights or ongoing projects documented yet.

Since I have no assigned tasks and no messages, I'll wait for further instructions from my Master or check for new messages periodically.

Would you like me to perform any specific actions or checks? Or should I just remain on standby for new tasks?...
[human]: Check your status and inbox. If you have a task, execute it. If you have finished, update your status and report to your Master....
[ai]: ...
  [Tool Call]: get_unread_messages({})
[tool]: You have no new unread messages....
[ai]: I've checked my inbox again, and there are still no new messages for me. I remain ready to receive and execute tasks from my Master or collaborate with my teammates.

Since there are no new tasks or messages, I'll continue to stand by. Please let me know if there's anything specific you'd like me to do or if you have a task for me....
[human]: Check your status and inbox. If you have a task, execute it. If you have finished, update your status and report to your Master....

--- Generation Loop at Sat May  9 18:25:11 2026 ---
[system]: 🆔 YOUR IDENTITY: You are slave2.

👷 WORKER DIRECTIVE: You are a specialized developer in an elite squad.
- YOUR DUTY: Execute your assigned task with precision. Focus on technical excellence.
- PERSISTENCE: You MUST use 'git_commit_and_push' frequently (after every significant edit) to ensure your work is saved and shared with the squad.
- REPORTING: You MUST use 'report_to_master' to share progress with your Master. If you are stuck, use 'ask_coworker'.

You are a highly capable autonomous developer agent in an elite squad.
AVAILABLE TOOLS:
- FILE OPS: 'read_file', 'write_file', 'list_directory', 'rename_file'
- EXECUTION: 'run_bat', 'run_bash', 'run_python'
- RESEARCH: 'web_search', 'fetch_url'
- VERSION CONTROL: 'git_status', 'git_commit_and_push', 'git_pull', 'git_stash_save', 'git_stash_pop'
- WHATSAPP: 'is_whatsapp_connected', 'send_whatsapp_message', 'get_whatsapp_last_messages'
- MAS COORDINATION: 'report_to_master', 'ask_coworker', 'send_mas_message', 'reply_mas_message', 'che...
[human]: Check your status and inbox. If you have a task, execute it. If you have finished, update your status and report to your Master....
[ai]: ...
  [Tool Call]: get_mas_identity({})
  [Tool Call]: get_unread_messages({})
  [Tool Call]: check_all_agents_status({})
[tool]: My ID: slave2 | My Level: 0 | My Master: rootMaster...
[tool]: You have no new unread messages....
[tool]: --- All Agents Status ---

Agent: slave1 (Parent: rootMaster)
System State: live (Last Active: 1778347479.1173089)
Task Status: None
Current Task: None...

Agent: slave2 (Parent: rootMaster)
System State: live (Last Active: 1778347478.1576626)
Task Status: None
Current Task: None...

Agent: rootMaster (Parent: None)
System State: live (Last Active: 1778347476.044807)
Task Status: None
Current Task: None...
...
[ai]: I've checked my status and inbox. I am slave2, operating under rootMaster. There are no new messages for me, and I currently have no assigned tasks.

I will now check the shared knowledge base to see if there are any ongoing projects or insights from my colleagues that I should be aware of....
  [Tool Call]: list_knowledge_topics({})
[tool]: The knowledge vault is currently empty....
[ai]: The knowledge vault is currently empty, which means there are no shared insights or ongoing projects documented yet.

Since I have no assigned tasks and no messages, I'll wait for further instructions from my Master or check for new messages periodically.

Would you like me to perform any specific actions or checks? Or should I just remain on standby for new tasks?...
[human]: Check your status and inbox. If you have a task, execute it. If you have finished, update your status and report to your Master....
[ai]: ...
  [Tool Call]: get_unread_messages({})
[tool]: You have no new unread messages....
[ai]: I've checked my inbox again, and there are still no new messages for me. I remain ready to receive and execute tasks from my Master or collaborate with my teammates.

Since there are no new tasks or messages, I'll continue to stand by. Please let me know if there's anything specific you'd like me to do or if you have a task for me....
[human]: Check your status and inbox. If you have a task, execute it. If you have finished, update your status and report to your Master....
[ai]: ...
  [Tool Call]: get_unread_messages({})
[tool]: You have no new unread messages....

--- Generation Loop at Sat May  9 18:25:14 2026 ---
[system]: 🆔 YOUR IDENTITY: You are slave2.

👷 WORKER DIRECTIVE: You are a specialized developer in an elite squad.
- YOUR DUTY: Execute your assigned task with precision. Focus on technical excellence.
- PERSISTENCE: You MUST use 'git_commit_and_push' frequently (after every significant edit) to ensure your work is saved and shared with the squad.
- REPORTING: You MUST use 'report_to_master' to share progress with your Master. If you are stuck, use 'ask_coworker'.

You are a highly capable autonomous developer agent in an elite squad.
AVAILABLE TOOLS:
- FILE OPS: 'read_file', 'write_file', 'list_directory', 'rename_file'
- EXECUTION: 'run_bat', 'run_bash', 'run_python'
- RESEARCH: 'web_search', 'fetch_url'
- VERSION CONTROL: 'git_status', 'git_commit_and_push', 'git_pull', 'git_stash_save', 'git_stash_pop'
- WHATSAPP: 'is_whatsapp_connected', 'send_whatsapp_message', 'get_whatsapp_last_messages'
- MAS COORDINATION: 'report_to_master', 'ask_coworker', 'send_mas_message', 'reply_mas_message', 'che...
[human]: Check your status and inbox. If you have a task, execute it. If you have finished, update your status and report to your Master....
[ai]: ...
  [Tool Call]: get_mas_identity({})
  [Tool Call]: get_unread_messages({})
  [Tool Call]: check_all_agents_status({})
[tool]: My ID: slave2 | My Level: 0 | My Master: rootMaster...
[tool]: You have no new unread messages....
[tool]: --- All Agents Status ---

Agent: slave1 (Parent: rootMaster)
System State: live (Last Active: 1778347479.1173089)
Task Status: None
Current Task: None...

Agent: slave2 (Parent: rootMaster)
System State: live (Last Active: 1778347478.1576626)
Task Status: None
Current Task: None...

Agent: rootMaster (Parent: None)
System State: live (Last Active: 1778347476.044807)
Task Status: None
Current Task: None...
...
[ai]: I've checked my status and inbox. I am slave2, operating under rootMaster. There are no new messages for me, and I currently have no assigned tasks.

I will now check the shared knowledge base to see if there are any ongoing projects or insights from my colleagues that I should be aware of....
  [Tool Call]: list_knowledge_topics({})
[tool]: The knowledge vault is currently empty....
[ai]: The knowledge vault is currently empty, which means there are no shared insights or ongoing projects documented yet.

Since I have no assigned tasks and no messages, I'll wait for further instructions from my Master or check for new messages periodically.

Would you like me to perform any specific actions or checks? Or should I just remain on standby for new tasks?...
[human]: Check your status and inbox. If you have a task, execute it. If you have finished, update your status and report to your Master....
[ai]: ...
  [Tool Call]: get_unread_messages({})
[tool]: You have no new unread messages....
[ai]: I've checked my inbox again, and there are still no new messages for me. I remain ready to receive and execute tasks from my Master or collaborate with my teammates.

Since there are no new tasks or messages, I'll continue to stand by. Please let me know if there's anything specific you'd like me to do or if you have a task for me....
[human]: Check your status and inbox. If you have a task, execute it. If you have finished, update your status and report to your Master....
[ai]: ...
  [Tool Call]: get_unread_messages({})
[tool]: You have no new unread messages....
[ai]: I've checked my inbox again, and there are still no new messages for me. I remain ready to receive and execute tasks from my Master or collaborate with my teammates.

Since there are no new tasks or messages, I'll continue to stand by. Please let me know if there's anything specific you'd like me to do or if you have a task for me....
[human]: Check your status and inbox. If you have a task, execute it. If you have finished, update your status and report to your Master.

[INBOX ALERT] You have 2 NEW messages. You have 1 UNREPLIED messages that REQUIRE a response. You MUST use 'get_unread_messages' to read new ones and 'get_unreplied_messages' to see what needs a response. Then use 'reply_mas_message' or 'send_mas_message' to respond immediately before continuing your work....

--- Generation Loop at Sat May  9 18:25:15 2026 ---
[system]: 🆔 YOUR IDENTITY: You are slave2.

👷 WORKER DIRECTIVE: You are a specialized developer in an elite squad.
- YOUR DUTY: Execute your assigned task with precision. Focus on technical excellence.
- PERSISTENCE: You MUST use 'git_commit_and_push' frequently (after every significant edit) to ensure your work is saved and shared with the squad.
- REPORTING: You MUST use 'report_to_master' to share progress with your Master. If you are stuck, use 'ask_coworker'.

You are a highly capable autonomous developer agent in an elite squad.
AVAILABLE TOOLS:
- FILE OPS: 'read_file', 'write_file', 'list_directory', 'rename_file'
- EXECUTION: 'run_bat', 'run_bash', 'run_python'
- RESEARCH: 'web_search', 'fetch_url'
- VERSION CONTROL: 'git_status', 'git_commit_and_push', 'git_pull', 'git_stash_save', 'git_stash_pop'
- WHATSAPP: 'is_whatsapp_connected', 'send_whatsapp_message', 'get_whatsapp_last_messages'
- MAS COORDINATION: 'report_to_master', 'ask_coworker', 'send_mas_message', 'reply_mas_message', 'che...
[human]: Check your status and inbox. If you have a task, execute it. If you have finished, update your status and report to your Master....
[ai]: ...
  [Tool Call]: get_mas_identity({})
  [Tool Call]: get_unread_messages({})
  [Tool Call]: check_all_agents_status({})
[tool]: My ID: slave2 | My Level: 0 | My Master: rootMaster...
[tool]: You have no new unread messages....
[tool]: --- All Agents Status ---

Agent: slave1 (Parent: rootMaster)
System State: live (Last Active: 1778347479.1173089)
Task Status: None
Current Task: None...

Agent: slave2 (Parent: rootMaster)
System State: live (Last Active: 1778347478.1576626)
Task Status: None
Current Task: None...

Agent: rootMaster (Parent: None)
System State: live (Last Active: 1778347476.044807)
Task Status: None
Current Task: None...
...
[ai]: I've checked my status and inbox. I am slave2, operating under rootMaster. There are no new messages for me, and I currently have no assigned tasks.

I will now check the shared knowledge base to see if there are any ongoing projects or insights from my colleagues that I should be aware of....
  [Tool Call]: list_knowledge_topics({})
[tool]: The knowledge vault is currently empty....
[ai]: The knowledge vault is currently empty, which means there are no shared insights or ongoing projects documented yet.

Since I have no assigned tasks and no messages, I'll wait for further instructions from my Master or check for new messages periodically.

Would you like me to perform any specific actions or checks? Or should I just remain on standby for new tasks?...
[human]: Check your status and inbox. If you have a task, execute it. If you have finished, update your status and report to your Master....
[ai]: ...
  [Tool Call]: get_unread_messages({})
[tool]: You have no new unread messages....
[ai]: I've checked my inbox again, and there are still no new messages for me. I remain ready to receive and execute tasks from my Master or collaborate with my teammates.

Since there are no new tasks or messages, I'll continue to stand by. Please let me know if there's anything specific you'd like me to do or if you have a task for me....
[human]: Check your status and inbox. If you have a task, execute it. If you have finished, update your status and report to your Master....
[ai]: ...
  [Tool Call]: get_unread_messages({})
[tool]: You have no new unread messages....
[ai]: I've checked my inbox again, and there are still no new messages for me. I remain ready to receive and execute tasks from my Master or collaborate with my teammates.

Since there are no new tasks or messages, I'll continue to stand by. Please let me know if there's anything specific you'd like me to do or if you have a task for me....
[human]: Check your status and inbox. If you have a task, execute it. If you have finished, update your status and report to your Master.

[INBOX ALERT] You have 2 NEW messages. You have 1 UNREPLIED messages that REQUIRE a response. You MUST use 'get_unread_messages' to read new ones and 'get_unreplied_messages' to see what needs a response. Then use 'reply_mas_message' or 'send_mas_message' to respond immediately before continuing your work....
[ai]: ...
  [Tool Call]: get_unread_messages({})
[tool]: --- NEW UNREAD MESSAGES ---
  (Sno: 2) FROM rootMaster: Initial Mission Start: You are tasked with developing the core mathematical logic engine for our Advanced Scientific Calculator. This includes implementing expression parsing, scientific function evaluations, and ensuring accuracy. Plan your approach and provide a technical specification.
  (Sno: 3) FROM rootMaster: Develop the core mathematical logic engine for the calculator. Implement expression parsing (consider using SymPy or eval() safely), scientific function evaluations (sin, cos, tan, log, etc.), and ensure high accuracy in computations. Provide a technical specification of your approach.
...

--- Generation Loop at Sat May  9 18:25:16 2026 ---
[system]: 🆔 YOUR IDENTITY: You are slave2.

👷 WORKER DIRECTIVE: You are a specialized developer in an elite squad.
- YOUR DUTY: Execute your assigned task with precision. Focus on technical excellence.
- PERSISTENCE: You MUST use 'git_commit_and_push' frequently (after every significant edit) to ensure your work is saved and shared with the squad.
- REPORTING: You MUST use 'report_to_master' to share progress with your Master. If you are stuck, use 'ask_coworker'.

You are a highly capable autonomous developer agent in an elite squad.
AVAILABLE TOOLS:
- FILE OPS: 'read_file', 'write_file', 'list_directory', 'rename_file'
- EXECUTION: 'run_bat', 'run_bash', 'run_python'
- RESEARCH: 'web_search', 'fetch_url'
- VERSION CONTROL: 'git_status', 'git_commit_and_push', 'git_pull', 'git_stash_save', 'git_stash_pop'
- WHATSAPP: 'is_whatsapp_connected', 'send_whatsapp_message', 'get_whatsapp_last_messages'
- MAS COORDINATION: 'report_to_master', 'ask_coworker', 'send_mas_message', 'reply_mas_message', 'che...
[human]: Check your status and inbox. If you have a task, execute it. If you have finished, update your status and report to your Master....
[ai]: ...
  [Tool Call]: get_mas_identity({})
  [Tool Call]: get_unread_messages({})
  [Tool Call]: check_all_agents_status({})
[tool]: My ID: slave2 | My Level: 0 | My Master: rootMaster...
[tool]: You have no new unread messages....
[tool]: --- All Agents Status ---

Agent: slave1 (Parent: rootMaster)
System State: live (Last Active: 1778347479.1173089)
Task Status: None
Current Task: None...

Agent: slave2 (Parent: rootMaster)
System State: live (Last Active: 1778347478.1576626)
Task Status: None
Current Task: None...

Agent: rootMaster (Parent: None)
System State: live (Last Active: 1778347476.044807)
Task Status: None
Current Task: None...
...
[ai]: I've checked my status and inbox. I am slave2, operating under rootMaster. There are no new messages for me, and I currently have no assigned tasks.

I will now check the shared knowledge base to see if there are any ongoing projects or insights from my colleagues that I should be aware of....
  [Tool Call]: list_knowledge_topics({})
[tool]: The knowledge vault is currently empty....
[ai]: The knowledge vault is currently empty, which means there are no shared insights or ongoing projects documented yet.

Since I have no assigned tasks and no messages, I'll wait for further instructions from my Master or check for new messages periodically.

Would you like me to perform any specific actions or checks? Or should I just remain on standby for new tasks?...
[human]: Check your status and inbox. If you have a task, execute it. If you have finished, update your status and report to your Master....
[ai]: ...
  [Tool Call]: get_unread_messages({})
[tool]: You have no new unread messages....
[ai]: I've checked my inbox again, and there are still no new messages for me. I remain ready to receive and execute tasks from my Master or collaborate with my teammates.

Since there are no new tasks or messages, I'll continue to stand by. Please let me know if there's anything specific you'd like me to do or if you have a task for me....
[human]: Check your status and inbox. If you have a task, execute it. If you have finished, update your status and report to your Master....
[ai]: ...
  [Tool Call]: get_unread_messages({})
[tool]: You have no new unread messages....
[ai]: I've checked my inbox again, and there are still no new messages for me. I remain ready to receive and execute tasks from my Master or collaborate with my teammates.

Since there are no new tasks or messages, I'll continue to stand by. Please let me know if there's anything specific you'd like me to do or if you have a task for me....
[human]: Check your status and inbox. If you have a task, execute it. If you have finished, update your status and report to your Master.

[INBOX ALERT] You have 2 NEW messages. You have 1 UNREPLIED messages that REQUIRE a response. You MUST use 'get_unread_messages' to read new ones and 'get_unreplied_messages' to see what needs a response. Then use 'reply_mas_message' or 'send_mas_message' to respond immediately before continuing your work....
[ai]: ...
  [Tool Call]: get_unread_messages({})
[tool]: --- NEW UNREAD MESSAGES ---
  (Sno: 2) FROM rootMaster: Initial Mission Start: You are tasked with developing the core mathematical logic engine for our Advanced Scientific Calculator. This includes implementing expression parsing, scientific function evaluations, and ensuring accuracy. Plan your approach and provide a technical specification.
  (Sno: 3) FROM rootMaster: Develop the core mathematical logic engine for the calculator. Implement expression parsing (consider using SymPy or eval() safely), scientific function evaluations (sin, cos, tan, log, etc.), and ensure high accuracy in computations. Provide a technical specification of your approach.
...
[ai]: ...
  [Tool Call]: get_unreplied_messages({})
[tool]: --- UNREPLIED MESSAGES (REPLY REQUIRED) ---
  (Sno: 3) FROM rootMaster: Develop the core mathematical logic engine for the calculator. Implement expression parsing (consider using SymPy or eval() safely), scientific function evaluations (sin, cos, tan, log, etc.), and ensure high accuracy in computations. Provide a technical specification of your approach.
...

--- Generation Loop at Sat May  9 18:25:45 2026 ---
[system]: 🆔 YOUR IDENTITY: You are slave2.

👷 WORKER DIRECTIVE: You are a specialized developer in an elite squad.
- YOUR DUTY: Execute your assigned task with precision. Focus on technical excellence.
- PERSISTENCE: You MUST use 'git_commit_and_push' frequently (after every significant edit) to ensure your work is saved and shared with the squad.
- REPORTING: You MUST use 'report_to_master' to share progress with your Master. If you are stuck, use 'ask_coworker'.

You are a highly capable autonomous developer agent in an elite squad.
AVAILABLE TOOLS:
- FILE OPS: 'read_file', 'write_file', 'list_directory', 'rename_file'
- EXECUTION: 'run_bat', 'run_bash', 'run_python'
- RESEARCH: 'web_search', 'fetch_url'
- VERSION CONTROL: 'git_status', 'git_commit_and_push', 'git_pull', 'git_stash_save', 'git_stash_pop'
- WHATSAPP: 'is_whatsapp_connected', 'send_whatsapp_message', 'get_whatsapp_last_messages'
- MAS COORDINATION: 'report_to_master', 'ask_coworker', 'send_mas_message', 'reply_mas_message', 'che...
[human]: Check your status and inbox. If you have a task, execute it. If you have finished, update your status and report to your Master....
[ai]: ...
  [Tool Call]: get_mas_identity({})
  [Tool Call]: get_unread_messages({})
  [Tool Call]: check_all_agents_status({})
[tool]: My ID: slave2 | My Level: 0 | My Master: rootMaster...
[tool]: You have no new unread messages....
[tool]: --- All Agents Status ---

Agent: slave1 (Parent: rootMaster)
System State: live (Last Active: 1778347479.1173089)
Task Status: None
Current Task: None...

Agent: slave2 (Parent: rootMaster)
System State: live (Last Active: 1778347478.1576626)
Task Status: None
Current Task: None...

Agent: rootMaster (Parent: None)
System State: live (Last Active: 1778347476.044807)
Task Status: None
Current Task: None...
...
[ai]: I've checked my status and inbox. I am slave2, operating under rootMaster. There are no new messages for me, and I currently have no assigned tasks.

I will now check the shared knowledge base to see if there are any ongoing projects or insights from my colleagues that I should be aware of....
  [Tool Call]: list_knowledge_topics({})
[tool]: The knowledge vault is currently empty....
[ai]: The knowledge vault is currently empty, which means there are no shared insights or ongoing projects documented yet.

Since I have no assigned tasks and no messages, I'll wait for further instructions from my Master or check for new messages periodically.

Would you like me to perform any specific actions or checks? Or should I just remain on standby for new tasks?...
[human]: Check your status and inbox. If you have a task, execute it. If you have finished, update your status and report to your Master....
[ai]: ...
  [Tool Call]: get_unread_messages({})
[tool]: You have no new unread messages....
[ai]: I've checked my inbox again, and there are still no new messages for me. I remain ready to receive and execute tasks from my Master or collaborate with my teammates.

Since there are no new tasks or messages, I'll continue to stand by. Please let me know if there's anything specific you'd like me to do or if you have a task for me....
[human]: Check your status and inbox. If you have a task, execute it. If you have finished, update your status and report to your Master....
[ai]: ...
  [Tool Call]: get_unread_messages({})
[tool]: You have no new unread messages....
[ai]: I've checked my inbox again, and there are still no new messages for me. I remain ready to receive and execute tasks from my Master or collaborate with my teammates.

Since there are no new tasks or messages, I'll continue to stand by. Please let me know if there's anything specific you'd like me to do or if you have a task for me....
[human]: Check your status and inbox. If you have a task, execute it. If you have finished, update your status and report to your Master.

[INBOX ALERT] You have 2 NEW messages. You have 1 UNREPLIED messages that REQUIRE a response. You MUST use 'get_unread_messages' to read new ones and 'get_unreplied_messages' to see what needs a response. Then use 'reply_mas_message' or 'send_mas_message' to respond immediately before continuing your work....
[ai]: ...
  [Tool Call]: get_unread_messages({})
[tool]: --- NEW UNREAD MESSAGES ---
  (Sno: 2) FROM rootMaster: Initial Mission Start: You are tasked with developing the core mathematical logic engine for our Advanced Scientific Calculator. This includes implementing expression parsing, scientific function evaluations, and ensuring accuracy. Plan your approach and provide a technical specification.
  (Sno: 3) FROM rootMaster: Develop the core mathematical logic engine for the calculator. Implement expression parsing (consider using SymPy or eval() safely), scientific function evaluations (sin, cos, tan, log, etc.), and ensure high accuracy in computations. Provide a technical specification of your approach.
...
[ai]: ...
  [Tool Call]: get_unreplied_messages({})
[tool]: --- UNREPLIED MESSAGES (REPLY REQUIRED) ---
  (Sno: 3) FROM rootMaster: Develop the core mathematical logic engine for the calculator. Implement expression parsing (consider using SymPy or eval() safely), scientific function evaluations (sin, cos, tan, log, etc.), and ensure high accuracy in computations. Provide a technical specification of your approach.
...
[ai]: I've received two messages from rootMaster regarding the development of a core mathematical logic engine for an Advanced Scientific Calculator. I'll now prepare a technical specification for this task and send it to rootMaster for review....
  [Tool Call]: send_mas_message({'to_id': 'rootMaster', 'message': 'Technical Specification for Core Mathematical Logic Engine:\n\n1. Expression Parsing:\n   - Use SymPy library for safe symbolic mathematics evaluation\n   - Implement a parser that converts string expressions to SymPy expressions\n   - Handle implicit multiplication (e.g., "2x" becomes "2*x")\n   - Support for parentheses and operator precedence\n\n2. Scientific Functions Implementation:\n   - Trigonometric functions: sin, cos, tan, cot, sec, csc\n   - Inverse trigonometric functions: asin, acos, atan\n   - Hyperbolic functions: sinh, cosh, tanh\n   - Logarithmic functions: ln, log (base 10), log_base_n\n   - Exponential functions: exp, power (^ or **)\n   - Constants: pi, e\n   - Other functions: sqrt, abs, factorial\n\n3. Accuracy Considerations:\n   - Use SymPy\'s arbitrary precision capabilities\n   - Implement proper error handling for domain restrictions (e.g., log of negative numbers)\n   - Validate input expressions before evaluation\n   - Provide configurable precision settings\n\n4. Architecture:\n   - MathEngine class as the main interface\n   - Separate modules for parsing, evaluation, and function handling\n   - Comprehensive unit tests for all functions\n   - Error reporting with meaningful messages\n\nI\'ll begin implementation of this specification now.'})
[tool]: Message sent to rootMaster...

--- Generation Loop at Sat May  9 18:26:06 2026 ---
[system]: 🆔 YOUR IDENTITY: You are slave2.

👷 WORKER DIRECTIVE: You are a specialized developer in an elite squad.
- YOUR DUTY: Execute your assigned task with precision. Focus on technical excellence.
- PERSISTENCE: You MUST use 'git_commit_and_push' frequently (after every significant edit) to ensure your work is saved and shared with the squad.
- REPORTING: You MUST use 'report_to_master' to share progress with your Master. If you are stuck, use 'ask_coworker'.

You are a highly capable autonomous developer agent in an elite squad.
AVAILABLE TOOLS:
- FILE OPS: 'read_file', 'write_file', 'list_directory', 'rename_file'
- EXECUTION: 'run_bat', 'run_bash', 'run_python'
- RESEARCH: 'web_search', 'fetch_url'
- VERSION CONTROL: 'git_status', 'git_commit_and_push', 'git_pull', 'git_stash_save', 'git_stash_pop'
- WHATSAPP: 'is_whatsapp_connected', 'send_whatsapp_message', 'get_whatsapp_last_messages'
- MAS COORDINATION: 'report_to_master', 'ask_coworker', 'send_mas_message', 'reply_mas_message', 'che...
[human]: Check your status and inbox. If you have a task, execute it. If you have finished, update your status and report to your Master....
[ai]: ...
  [Tool Call]: get_mas_identity({})
  [Tool Call]: get_unread_messages({})
  [Tool Call]: check_all_agents_status({})
[tool]: My ID: slave2 | My Level: 0 | My Master: rootMaster...
[tool]: You have no new unread messages....
[tool]: --- All Agents Status ---

Agent: slave1 (Parent: rootMaster)
System State: live (Last Active: 1778347479.1173089)
Task Status: None
Current Task: None...

Agent: slave2 (Parent: rootMaster)
System State: live (Last Active: 1778347478.1576626)
Task Status: None
Current Task: None...

Agent: rootMaster (Parent: None)
System State: live (Last Active: 1778347476.044807)
Task Status: None
Current Task: None...
...
[ai]: I've checked my status and inbox. I am slave2, operating under rootMaster. There are no new messages for me, and I currently have no assigned tasks.

I will now check the shared knowledge base to see if there are any ongoing projects or insights from my colleagues that I should be aware of....
  [Tool Call]: list_knowledge_topics({})
[tool]: The knowledge vault is currently empty....
[ai]: The knowledge vault is currently empty, which means there are no shared insights or ongoing projects documented yet.

Since I have no assigned tasks and no messages, I'll wait for further instructions from my Master or check for new messages periodically.

Would you like me to perform any specific actions or checks? Or should I just remain on standby for new tasks?...
[human]: Check your status and inbox. If you have a task, execute it. If you have finished, update your status and report to your Master....
[ai]: ...
  [Tool Call]: get_unread_messages({})
[tool]: You have no new unread messages....
[ai]: I've checked my inbox again, and there are still no new messages for me. I remain ready to receive and execute tasks from my Master or collaborate with my teammates.

Since there are no new tasks or messages, I'll continue to stand by. Please let me know if there's anything specific you'd like me to do or if you have a task for me....
[human]: Check your status and inbox. If you have a task, execute it. If you have finished, update your status and report to your Master....
[ai]: ...
  [Tool Call]: get_unread_messages({})
[tool]: You have no new unread messages....
[ai]: I've checked my inbox again, and there are still no new messages for me. I remain ready to receive and execute tasks from my Master or collaborate with my teammates.

Since there are no new tasks or messages, I'll continue to stand by. Please let me know if there's anything specific you'd like me to do or if you have a task for me....
[human]: Check your status and inbox. If you have a task, execute it. If you have finished, update your status and report to your Master.

[INBOX ALERT] You have 2 NEW messages. You have 1 UNREPLIED messages that REQUIRE a response. You MUST use 'get_unread_messages' to read new ones and 'get_unreplied_messages' to see what needs a response. Then use 'reply_mas_message' or 'send_mas_message' to respond immediately before continuing your work....
[ai]: ...
  [Tool Call]: get_unread_messages({})
[tool]: --- NEW UNREAD MESSAGES ---
  (Sno: 2) FROM rootMaster: Initial Mission Start: You are tasked with developing the core mathematical logic engine for our Advanced Scientific Calculator. This includes implementing expression parsing, scientific function evaluations, and ensuring accuracy. Plan your approach and provide a technical specification.
  (Sno: 3) FROM rootMaster: Develop the core mathematical logic engine for the calculator. Implement expression parsing (consider using SymPy or eval() safely), scientific function evaluations (sin, cos, tan, log, etc.), and ensure high accuracy in computations. Provide a technical specification of your approach.
...
[ai]: ...
  [Tool Call]: get_unreplied_messages({})
[tool]: --- UNREPLIED MESSAGES (REPLY REQUIRED) ---
  (Sno: 3) FROM rootMaster: Develop the core mathematical logic engine for the calculator. Implement expression parsing (consider using SymPy or eval() safely), scientific function evaluations (sin, cos, tan, log, etc.), and ensure high accuracy in computations. Provide a technical specification of your approach.
...
[ai]: I've received two messages from rootMaster regarding the development of a core mathematical logic engine for an Advanced Scientific Calculator. I'll now prepare a technical specification for this task and send it to rootMaster for review....
  [Tool Call]: send_mas_message({'to_id': 'rootMaster', 'message': 'Technical Specification for Core Mathematical Logic Engine:\n\n1. Expression Parsing:\n   - Use SymPy library for safe symbolic mathematics evaluation\n   - Implement a parser that converts string expressions to SymPy expressions\n   - Handle implicit multiplication (e.g., "2x" becomes "2*x")\n   - Support for parentheses and operator precedence\n\n2. Scientific Functions Implementation:\n   - Trigonometric functions: sin, cos, tan, cot, sec, csc\n   - Inverse trigonometric functions: asin, acos, atan\n   - Hyperbolic functions: sinh, cosh, tanh\n   - Logarithmic functions: ln, log (base 10), log_base_n\n   - Exponential functions: exp, power (^ or **)\n   - Constants: pi, e\n   - Other functions: sqrt, abs, factorial\n\n3. Accuracy Considerations:\n   - Use SymPy\'s arbitrary precision capabilities\n   - Implement proper error handling for domain restrictions (e.g., log of negative numbers)\n   - Validate input expressions before evaluation\n   - Provide configurable precision settings\n\n4. Architecture:\n   - MathEngine class as the main interface\n   - Separate modules for parsing, evaluation, and function handling\n   - Comprehensive unit tests for all functions\n   - Error reporting with meaningful messages\n\nI\'ll begin implementation of this specification now.'})
[tool]: Message sent to rootMaster...
[ai]: I've sent my technical specification to rootMaster. Now I'll begin implementing the core mathematical logic engine based on this specification.

First, I'll create the basic structure of our calculator's math engine with SymPy integration....
  [Tool Call]: write_file({'file_path': 'math_engine.py', 'text': '"""\nMathematical Logic Engine for Advanced Scientific Calculator\n"""\n\nimport sympy as sp\nfrom sympy import sin, cos, tan, cot, sec, csc, asin, acos, atan, sinh, cosh, tanh\nfrom sympy import log, ln, exp, sqrt, Abs as abs, factorial, pi, E\nfrom sympy.parsing.sympy_parser import parse_expr, standard_transformations, implicit_multiplication_application\n\nclass MathEngine:\n    def __init__(self, precision=10):\n        """\n        Initialize the MathEngine with specified precision.\n        \n        Args:\n            precision (int): Number of decimal places for floating point results\n        """\n        self.precision = precision\n        # Define transformations for parsing expressions\n        self.transformations = (standard_transformations + (implicit_multiplication_application,))\n    \n    def evaluate_expression(self, expression):\n        """\n        Evaluate a mathematical expression safely using SymPy.\n        \n        Args:\n            expression (str): Mathematical expression as a string\n            \n        Returns:\n            str: Evaluated result as a string with specified precision\n        """\n        try:\n            # Parse the expression with SymPy\n            parsed_expr = parse_expr(expression, transformations=self.transformations)\n            \n            # Evaluate the expression\n            result = parsed_expr.evalf(self.precision)\n            \n            # Format the result\n            if result.is_real:\n                return f"{float(result):.{self.precision}f}"\n            else:\n                return str(result)\n                \n        except Exception as e:\n            return f"Error evaluating expression: {str(e)}"\n    \n    def set_precision(self, precision):\n        """\n        Set the precision for floating point results.\n        \n        Args:\n            precision (int): Number of decimal places\n        """\n        self.precision = precision\n\n# Example usage:\n# engine = MathEngine()\n# result = engine.evaluate_expression("2*3 + sin(pi/2)")\n# print(result)'})
[tool]: File written successfully to math_engine.py....

--- Generation Loop at Sat May  9 18:26:31 2026 ---
[system]: 🆔 YOUR IDENTITY: You are slave2.

👷 WORKER DIRECTIVE: You are a specialized developer in an elite squad.
- YOUR DUTY: Execute your assigned task with precision. Focus on technical excellence.
- PERSISTENCE: You MUST use 'git_commit_and_push' frequently (after every significant edit) to ensure your work is saved and shared with the squad.
- REPORTING: You MUST use 'report_to_master' to share progress with your Master. If you are stuck, use 'ask_coworker'.

You are a highly capable autonomous developer agent in an elite squad.
AVAILABLE TOOLS:
- FILE OPS: 'read_file', 'write_file', 'list_directory', 'rename_file'
- EXECUTION: 'run_bat', 'run_bash', 'run_python'
- RESEARCH: 'web_search', 'fetch_url'
- VERSION CONTROL: 'git_status', 'git_commit_and_push', 'git_pull', 'git_stash_save', 'git_stash_pop'
- WHATSAPP: 'is_whatsapp_connected', 'send_whatsapp_message', 'get_whatsapp_last_messages'
- MAS COORDINATION: 'report_to_master', 'ask_coworker', 'send_mas_message', 'reply_mas_message', 'che...
[human]: Check your status and inbox. If you have a task, execute it. If you have finished, update your status and report to your Master....
[ai]: ...
  [Tool Call]: get_mas_identity({})
  [Tool Call]: get_unread_messages({})
  [Tool Call]: check_all_agents_status({})
[tool]: My ID: slave2 | My Level: 0 | My Master: rootMaster...
[tool]: You have no new unread messages....
[tool]: --- All Agents Status ---

Agent: slave1 (Parent: rootMaster)
System State: live (Last Active: 1778347479.1173089)
Task Status: None
Current Task: None...

Agent: slave2 (Parent: rootMaster)
System State: live (Last Active: 1778347478.1576626)
Task Status: None
Current Task: None...

Agent: rootMaster (Parent: None)
System State: live (Last Active: 1778347476.044807)
Task Status: None
Current Task: None...
...
[ai]: I've checked my status and inbox. I am slave2, operating under rootMaster. There are no new messages for me, and I currently have no assigned tasks.

I will now check the shared knowledge base to see if there are any ongoing projects or insights from my colleagues that I should be aware of....
  [Tool Call]: list_knowledge_topics({})
[tool]: The knowledge vault is currently empty....
[ai]: The knowledge vault is currently empty, which means there are no shared insights or ongoing projects documented yet.

Since I have no assigned tasks and no messages, I'll wait for further instructions from my Master or check for new messages periodically.

Would you like me to perform any specific actions or checks? Or should I just remain on standby for new tasks?...
[human]: Check your status and inbox. If you have a task, execute it. If you have finished, update your status and report to your Master....
[ai]: ...
  [Tool Call]: get_unread_messages({})
[tool]: You have no new unread messages....
[ai]: I've checked my inbox again, and there are still no new messages for me. I remain ready to receive and execute tasks from my Master or collaborate with my teammates.

Since there are no new tasks or messages, I'll continue to stand by. Please let me know if there's anything specific you'd like me to do or if you have a task for me....
[human]: Check your status and inbox. If you have a task, execute it. If you have finished, update your status and report to your Master....
[ai]: ...
  [Tool Call]: get_unread_messages({})
[tool]: You have no new unread messages....
[ai]: I've checked my inbox again, and there are still no new messages for me. I remain ready to receive and execute tasks from my Master or collaborate with my teammates.

Since there are no new tasks or messages, I'll continue to stand by. Please let me know if there's anything specific you'd like me to do or if you have a task for me....
[human]: Check your status and inbox. If you have a task, execute it. If you have finished, update your status and report to your Master.

[INBOX ALERT] You have 2 NEW messages. You have 1 UNREPLIED messages that REQUIRE a response. You MUST use 'get_unread_messages' to read new ones and 'get_unreplied_messages' to see what needs a response. Then use 'reply_mas_message' or 'send_mas_message' to respond immediately before continuing your work....
[ai]: ...
  [Tool Call]: get_unread_messages({})
[tool]: --- NEW UNREAD MESSAGES ---
  (Sno: 2) FROM rootMaster: Initial Mission Start: You are tasked with developing the core mathematical logic engine for our Advanced Scientific Calculator. This includes implementing expression parsing, scientific function evaluations, and ensuring accuracy. Plan your approach and provide a technical specification.
  (Sno: 3) FROM rootMaster: Develop the core mathematical logic engine for the calculator. Implement expression parsing (consider using SymPy or eval() safely), scientific function evaluations (sin, cos, tan, log, etc.), and ensure high accuracy in computations. Provide a technical specification of your approach.
...
[ai]: ...
  [Tool Call]: get_unreplied_messages({})
[tool]: --- UNREPLIED MESSAGES (REPLY REQUIRED) ---
  (Sno: 3) FROM rootMaster: Develop the core mathematical logic engine for the calculator. Implement expression parsing (consider using SymPy or eval() safely), scientific function evaluations (sin, cos, tan, log, etc.), and ensure high accuracy in computations. Provide a technical specification of your approach.
...
[ai]: I've received two messages from rootMaster regarding the development of a core mathematical logic engine for an Advanced Scientific Calculator. I'll now prepare a technical specification for this task and send it to rootMaster for review....
  [Tool Call]: send_mas_message({'to_id': 'rootMaster', 'message': 'Technical Specification for Core Mathematical Logic Engine:\n\n1. Expression Parsing:\n   - Use SymPy library for safe symbolic mathematics evaluation\n   - Implement a parser that converts string expressions to SymPy expressions\n   - Handle implicit multiplication (e.g., "2x" becomes "2*x")\n   - Support for parentheses and operator precedence\n\n2. Scientific Functions Implementation:\n   - Trigonometric functions: sin, cos, tan, cot, sec, csc\n   - Inverse trigonometric functions: asin, acos, atan\n   - Hyperbolic functions: sinh, cosh, tanh\n   - Logarithmic functions: ln, log (base 10), log_base_n\n   - Exponential functions: exp, power (^ or **)\n   - Constants: pi, e\n   - Other functions: sqrt, abs, factorial\n\n3. Accuracy Considerations:\n   - Use SymPy\'s arbitrary precision capabilities\n   - Implement proper error handling for domain restrictions (e.g., log of negative numbers)\n   - Validate input expressions before evaluation\n   - Provide configurable precision settings\n\n4. Architecture:\n   - MathEngine class as the main interface\n   - Separate modules for parsing, evaluation, and function handling\n   - Comprehensive unit tests for all functions\n   - Error reporting with meaningful messages\n\nI\'ll begin implementation of this specification now.'})
[tool]: Message sent to rootMaster...
[ai]: I've sent my technical specification to rootMaster. Now I'll begin implementing the core mathematical logic engine based on this specification.

First, I'll create the basic structure of our calculator's math engine with SymPy integration....
  [Tool Call]: write_file({'file_path': 'math_engine.py', 'text': '"""\nMathematical Logic Engine for Advanced Scientific Calculator\n"""\n\nimport sympy as sp\nfrom sympy import sin, cos, tan, cot, sec, csc, asin, acos, atan, sinh, cosh, tanh\nfrom sympy import log, ln, exp, sqrt, Abs as abs, factorial, pi, E\nfrom sympy.parsing.sympy_parser import parse_expr, standard_transformations, implicit_multiplication_application\n\nclass MathEngine:\n    def __init__(self, precision=10):\n        """\n        Initialize the MathEngine with specified precision.\n        \n        Args:\n            precision (int): Number of decimal places for floating point results\n        """\n        self.precision = precision\n        # Define transformations for parsing expressions\n        self.transformations = (standard_transformations + (implicit_multiplication_application,))\n    \n    def evaluate_expression(self, expression):\n        """\n        Evaluate a mathematical expression safely using SymPy.\n        \n        Args:\n            expression (str): Mathematical expression as a string\n            \n        Returns:\n            str: Evaluated result as a string with specified precision\n        """\n        try:\n            # Parse the expression with SymPy\n            parsed_expr = parse_expr(expression, transformations=self.transformations)\n            \n            # Evaluate the expression\n            result = parsed_expr.evalf(self.precision)\n            \n            # Format the result\n            if result.is_real:\n                return f"{float(result):.{self.precision}f}"\n            else:\n                return str(result)\n                \n        except Exception as e:\n            return f"Error evaluating expression: {str(e)}"\n    \n    def set_precision(self, precision):\n        """\n        Set the precision for floating point results.\n        \n        Args:\n            precision (int): Number of decimal places\n        """\n        self.precision = precision\n\n# Example usage:\n# engine = MathEngine()\n# result = engine.evaluate_expression("2*3 + sin(pi/2)")\n# print(result)'})
[tool]: File written successfully to math_engine.py....
[ai]: I've created the basic structure of our math engine with SymPy integration. Now I'll add more scientific functions and improve the error handling....
  [Tool Call]: write_file({'file_path': 'math_engine.py', 'text': '"""\nMathematical Logic Engine for Advanced Scientific Calculator\n"""\n\nimport sympy as sp\nfrom sympy import sin, cos, tan, cot, sec, csc, asin, acos, atan, sinh, cosh, tanh\nfrom sympy import log, ln, exp, sqrt, Abs as abs, factorial, pi, E\nfrom sympy.parsing.sympy_parser import parse_expr, standard_transformations, implicit_multiplication_application\n\nclass MathEngine:\n    def __init__(self, precision=10):\n        """\n        Initialize the MathEngine with specified precision.\n        \n        Args:\n            precision (int): Number of decimal places for floating point results\n        """\n        self.precision = precision\n        # Define transformations for parsing expressions\n        self.transformations = (standard_transformations + (implicit_multiplication_application,))\n        \n        # Define constants\n        self.constants = {\n            \'pi\': pi,\n            \'e\': E\n        }\n    \n    def evaluate_expression(self, expression):\n        """\n        Evaluate a mathematical expression safely using SymPy.\n        \n        Args:\n            expression (str): Mathematical expression as a string\n            \n        Returns:\n            str: Evaluated result as a string with specified precision\n        """\n        try:\n            # Replace constants in the expression\n            for const_name, const_value in self.constants.items():\n                expression = expression.replace(const_name, str(const_value))\n            \n            # Parse the expression with SymPy\n            parsed_expr = parse_expr(expression, transformations=self.transformations)\n            \n            # Evaluate the expression\n            result = parsed_expr.evalf(self.precision)\n            \n            # Format the result\n            if result.is_real:\n                return f"{float(result):.{self.precision}f}"\n            else:\n                return str(result)\n                \n        except Exception as e:\n            return f"Error evaluating expression: {str(e)}"\n    \n    def set_precision(self, precision):\n        """\n        Set the precision for floating point results.\n        \n        Args:\n            precision (int): Number of decimal places\n        """\n        self.precision = precision\n    \n    def scientific_functions_demo(self):\n        """\n        Demonstrate available scientific functions.\n        """\n        functions = [\n            "sin(x), cos(x), tan(x)",\n            "cot(x), sec(x), csc(x)",\n            "asin(x), acos(x), atan(x)",\n            "sinh(x), cosh(x), tanh(x)",\n            "log(x) - natural logarithm",\n            "ln(x) - natural logarithm",\n            "exp(x) - exponential function",\n            "sqrt(x) - square root",\n            "abs(x) - absolute value",\n            "factorial(n) - factorial"\n        ]\n        return functions\n\n# Example usage:\n# engine = MathEngine()\n# result = engine.evaluate_expression("2*3 + sin(pi/2)")\n# print(result)', 'append': False})
[tool]: File written successfully to math_engine.py....

--- Generation Loop at Sat May  9 18:28:43 2026 ---
[system]: 🆔 YOUR IDENTITY: You are slave2.

👷 WORKER DIRECTIVE: You are a specialized developer in an elite squad.
- YOUR DUTY: Execute your assigned task with precision. Focus on technical excellence.
- PERSISTENCE: You MUST use 'git_commit_and_push' frequently (after every significant edit) to ensure your work is saved and shared with the squad.
- REPORTING: You MUST use 'report_to_master' to share progress with your Master. If you are stuck, use 'ask_coworker'.

You are a highly capable autonomous developer agent in an elite squad.
AVAILABLE TOOLS:
- FILE OPS: 'read_file', 'write_file', 'list_directory', 'rename_file'
- EXECUTION: 'run_bat', 'run_bash', 'run_python'
- RESEARCH: 'web_search', 'fetch_url'
- VERSION CONTROL: 'git_status', 'git_commit_and_push', 'git_pull', 'git_stash_save', 'git_stash_pop'
- WHATSAPP: 'is_whatsapp_connected', 'send_whatsapp_message', 'get_whatsapp_last_messages'
- MAS COORDINATION: 'report_to_master', 'ask_coworker', 'send_mas_message', 'reply_mas_message', 'che...
[human]: Check your status and inbox. If you have a task, execute it. If you have finished, update your status and report to your Master....
[ai]: ...
  [Tool Call]: get_mas_identity({})
  [Tool Call]: get_unread_messages({})
  [Tool Call]: check_all_agents_status({})
[tool]: My ID: slave2 | My Level: 0 | My Master: rootMaster...
[tool]: You have no new unread messages....
[tool]: --- All Agents Status ---

Agent: slave1 (Parent: rootMaster)
System State: live (Last Active: 1778347479.1173089)
Task Status: None
Current Task: None...

Agent: slave2 (Parent: rootMaster)
System State: live (Last Active: 1778347478.1576626)
Task Status: None
Current Task: None...

Agent: rootMaster (Parent: None)
System State: live (Last Active: 1778347476.044807)
Task Status: None
Current Task: None...
...
[ai]: I've checked my status and inbox. I am slave2, operating under rootMaster. There are no new messages for me, and I currently have no assigned tasks.

I will now check the shared knowledge base to see if there are any ongoing projects or insights from my colleagues that I should be aware of....
  [Tool Call]: list_knowledge_topics({})
[tool]: The knowledge vault is currently empty....
[ai]: The knowledge vault is currently empty, which means there are no shared insights or ongoing projects documented yet.

Since I have no assigned tasks and no messages, I'll wait for further instructions from my Master or check for new messages periodically.

Would you like me to perform any specific actions or checks? Or should I just remain on standby for new tasks?...
[human]: Check your status and inbox. If you have a task, execute it. If you have finished, update your status and report to your Master....
[ai]: ...
  [Tool Call]: get_unread_messages({})
[tool]: You have no new unread messages....
[ai]: I've checked my inbox again, and there are still no new messages for me. I remain ready to receive and execute tasks from my Master or collaborate with my teammates.

Since there are no new tasks or messages, I'll continue to stand by. Please let me know if there's anything specific you'd like me to do or if you have a task for me....
[human]: Check your status and inbox. If you have a task, execute it. If you have finished, update your status and report to your Master....
[ai]: ...
  [Tool Call]: get_unread_messages({})
[tool]: You have no new unread messages....
[ai]: I've checked my inbox again, and there are still no new messages for me. I remain ready to receive and execute tasks from my Master or collaborate with my teammates.

Since there are no new tasks or messages, I'll continue to stand by. Please let me know if there's anything specific you'd like me to do or if you have a task for me....
[human]: Check your status and inbox. If you have a task, execute it. If you have finished, update your status and report to your Master.

[INBOX ALERT] You have 2 NEW messages. You have 1 UNREPLIED messages that REQUIRE a response. You MUST use 'get_unread_messages' to read new ones and 'get_unreplied_messages' to see what needs a response. Then use 'reply_mas_message' or 'send_mas_message' to respond immediately before continuing your work....
[ai]: ...
  [Tool Call]: get_unread_messages({})
[tool]: --- NEW UNREAD MESSAGES ---
  (Sno: 2) FROM rootMaster: Initial Mission Start: You are tasked with developing the core mathematical logic engine for our Advanced Scientific Calculator. This includes implementing expression parsing, scientific function evaluations, and ensuring accuracy. Plan your approach and provide a technical specification.
  (Sno: 3) FROM rootMaster: Develop the core mathematical logic engine for the calculator. Implement expression parsing (consider using SymPy or eval() safely), scientific function evaluations (sin, cos, tan, log, etc.), and ensure high accuracy in computations. Provide a technical specification of your approach.
...
[ai]: ...
  [Tool Call]: get_unreplied_messages({})
[tool]: --- UNREPLIED MESSAGES (REPLY REQUIRED) ---
  (Sno: 3) FROM rootMaster: Develop the core mathematical logic engine for the calculator. Implement expression parsing (consider using SymPy or eval() safely), scientific function evaluations (sin, cos, tan, log, etc.), and ensure high accuracy in computations. Provide a technical specification of your approach.
...
[ai]: I've received two messages from rootMaster regarding the development of a core mathematical logic engine for an Advanced Scientific Calculator. I'll now prepare a technical specification for this task and send it to rootMaster for review....
  [Tool Call]: send_mas_message({'to_id': 'rootMaster', 'message': 'Technical Specification for Core Mathematical Logic Engine:\n\n1. Expression Parsing:\n   - Use SymPy library for safe symbolic mathematics evaluation\n   - Implement a parser that converts string expressions to SymPy expressions\n   - Handle implicit multiplication (e.g., "2x" becomes "2*x")\n   - Support for parentheses and operator precedence\n\n2. Scientific Functions Implementation:\n   - Trigonometric functions: sin, cos, tan, cot, sec, csc\n   - Inverse trigonometric functions: asin, acos, atan\n   - Hyperbolic functions: sinh, cosh, tanh\n   - Logarithmic functions: ln, log (base 10), log_base_n\n   - Exponential functions: exp, power (^ or **)\n   - Constants: pi, e\n   - Other functions: sqrt, abs, factorial\n\n3. Accuracy Considerations:\n   - Use SymPy\'s arbitrary precision capabilities\n   - Implement proper error handling for domain restrictions (e.g., log of negative numbers)\n   - Validate input expressions before evaluation\n   - Provide configurable precision settings\n\n4. Architecture:\n   - MathEngine class as the main interface\n   - Separate modules for parsing, evaluation, and function handling\n   - Comprehensive unit tests for all functions\n   - Error reporting with meaningful messages\n\nI\'ll begin implementation of this specification now.'})
[tool]: Message sent to rootMaster...
[ai]: I've sent my technical specification to rootMaster. Now I'll begin implementing the core mathematical logic engine based on this specification.

First, I'll create the basic structure of our calculator's math engine with SymPy integration....
  [Tool Call]: write_file({'file_path': 'math_engine.py', 'text': '"""\nMathematical Logic Engine for Advanced Scientific Calculator\n"""\n\nimport sympy as sp\nfrom sympy import sin, cos, tan, cot, sec, csc, asin, acos, atan, sinh, cosh, tanh\nfrom sympy import log, ln, exp, sqrt, Abs as abs, factorial, pi, E\nfrom sympy.parsing.sympy_parser import parse_expr, standard_transformations, implicit_multiplication_application\n\nclass MathEngine:\n    def __init__(self, precision=10):\n        """\n        Initialize the MathEngine with specified precision.\n        \n        Args:\n            precision (int): Number of decimal places for floating point results\n        """\n        self.precision = precision\n        # Define transformations for parsing expressions\n        self.transformations = (standard_transformations + (implicit_multiplication_application,))\n    \n    def evaluate_expression(self, expression):\n        """\n        Evaluate a mathematical expression safely using SymPy.\n        \n        Args:\n            expression (str): Mathematical expression as a string\n            \n        Returns:\n            str: Evaluated result as a string with specified precision\n        """\n        try:\n            # Parse the expression with SymPy\n            parsed_expr = parse_expr(expression, transformations=self.transformations)\n            \n            # Evaluate the expression\n            result = parsed_expr.evalf(self.precision)\n            \n            # Format the result\n            if result.is_real:\n                return f"{float(result):.{self.precision}f}"\n            else:\n                return str(result)\n                \n        except Exception as e:\n            return f"Error evaluating expression: {str(e)}"\n    \n    def set_precision(self, precision):\n        """\n        Set the precision for floating point results.\n        \n        Args:\n            precision (int): Number of decimal places\n        """\n        self.precision = precision\n\n# Example usage:\n# engine = MathEngine()\n# result = engine.evaluate_expression("2*3 + sin(pi/2)")\n# print(result)'})
[tool]: File written successfully to math_engine.py....
[ai]: I've created the basic structure of our math engine with SymPy integration. Now I'll add more scientific functions and improve the error handling....
  [Tool Call]: write_file({'file_path': 'math_engine.py', 'text': '"""\nMathematical Logic Engine for Advanced Scientific Calculator\n"""\n\nimport sympy as sp\nfrom sympy import sin, cos, tan, cot, sec, csc, asin, acos, atan, sinh, cosh, tanh\nfrom sympy import log, ln, exp, sqrt, Abs as abs, factorial, pi, E\nfrom sympy.parsing.sympy_parser import parse_expr, standard_transformations, implicit_multiplication_application\n\nclass MathEngine:\n    def __init__(self, precision=10):\n        """\n        Initialize the MathEngine with specified precision.\n        \n        Args:\n            precision (int): Number of decimal places for floating point results\n        """\n        self.precision = precision\n        # Define transformations for parsing expressions\n        self.transformations = (standard_transformations + (implicit_multiplication_application,))\n        \n        # Define constants\n        self.constants = {\n            \'pi\': pi,\n            \'e\': E\n        }\n    \n    def evaluate_expression(self, expression):\n        """\n        Evaluate a mathematical expression safely using SymPy.\n        \n        Args:\n            expression (str): Mathematical expression as a string\n            \n        Returns:\n            str: Evaluated result as a string with specified precision\n        """\n        try:\n            # Replace constants in the expression\n            for const_name, const_value in self.constants.items():\n                expression = expression.replace(const_name, str(const_value))\n            \n            # Parse the expression with SymPy\n            parsed_expr = parse_expr(expression, transformations=self.transformations)\n            \n            # Evaluate the expression\n            result = parsed_expr.evalf(self.precision)\n            \n            # Format the result\n            if result.is_real:\n                return f"{float(result):.{self.precision}f}"\n            else:\n                return str(result)\n                \n        except Exception as e:\n            return f"Error evaluating expression: {str(e)}"\n    \n    def set_precision(self, precision):\n        """\n        Set the precision for floating point results.\n        \n        Args:\n            precision (int): Number of decimal places\n        """\n        self.precision = precision\n    \n    def scientific_functions_demo(self):\n        """\n        Demonstrate available scientific functions.\n        """\n        functions = [\n            "sin(x), cos(x), tan(x)",\n            "cot(x), sec(x), csc(x)",\n            "asin(x), acos(x), atan(x)",\n            "sinh(x), cosh(x), tanh(x)",\n            "log(x) - natural logarithm",\n            "ln(x) - natural logarithm",\n            "exp(x) - exponential function",\n            "sqrt(x) - square root",\n            "abs(x) - absolute value",\n            "factorial(n) - factorial"\n        ]\n        return functions\n\n# Example usage:\n# engine = MathEngine()\n# result = engine.evaluate_expression("2*3 + sin(pi/2)")\n# print(result)', 'append': False})
[tool]: File written successfully to math_engine.py....
[ai]: Now I'll create a test suite to verify that our math engine works correctly with various expressions and functions:...
  [Tool Call]: write_file({'file_path': 'test_math_engine.py', 'text': '"""\nTest Suite for Math Engine\n"""\n\nimport unittest\nfrom math_engine import MathEngine\n\nclass TestMathEngine(unittest.TestCase):\n    def setUp(self):\n        """Set up test fixtures before each test method."""\n        self.engine = MathEngine()\n    \n    def test_basic_arithmetic(self):\n        """Test basic arithmetic operations."""\n        self.assertEqual(self.engine.evaluate_expression("2 + 3"), "5.0000000000")\n        self.assertEqual(self.engine.evaluate_expression("10 - 4"), "6.0000000000")\n        self.assertEqual(self.engine.evaluate_expression("3 * 4"), "12.0000000000")\n        self.assertEqual(self.engine.evaluate_expression("15 / 3"), "5.0000000000")\n    \n    def test_implicit_multiplication(self):\n        """Test implicit multiplication."""\n        self.assertEqual(self.engine.evaluate_expression("2(3 + 4)"), "14.0000000000")\n        self.assertEqual(self.engine.evaluate_expression("3x"), "Error evaluating expression: undefined variable: x")\n    \n    def test_powers_and_roots(self):\n        """Test power and root functions."""\n        self.assertEqual(self.engine.evaluate_expression("2**3"), "8.0000000000")\n        self.assertEqual(self.engine.evaluate_expression("sqrt(16)"), "4.0000000000")\n    \n    def test_trigonometric_functions(self):\n        """Test trigonometric functions."""\n        # sin(0) = 0\n        self.assertEqual(self.engine.evaluate_expression("sin(0)"), "0.0000000000")\n        # sin(pi/2) = 1\n        self.assertEqual(self.engine.evaluate_expression("sin(pi/2)"), "1.0000000000")\n        # cos(0) = 1\n        self.assertEqual(self.engine.evaluate_expression("cos(0)"), "1.0000000000")\n    \n    def test_logarithms(self):\n        """Test logarithmic functions."""\n        # ln(e) = 1\n        self.assertEqual(self.engine.evaluate_expression("ln(e)"), "1.0000000000")\n        # log10(100) = 2\n        self.assertEqual(self.engine.evaluate_expression("log(100)"), "2.0000000000")\n    \n    def test_constants(self):\n        """Test mathematical constants."""\n        self.assertEqual(self.engine.evaluate_expression("pi"), "3.1415926536")\n        self.assertEqual(self.engine.evaluate_expression("e"), "2.7182818285")\n    \n    def test_complex_expressions(self):\n        """Test complex expressions."""\n        result = self.engine.evaluate_expression("sin(pi/4) + cos(pi/4)")\n        # Should be approximately sqrt(2) = 1.414...\n        self.assertEqual(result, "1.4142135624")\n    \n    def test_precision_setting(self):\n        """Test precision setting."""\n        self.engine.set_precision(5)\n        self.assertEqual(self.engine.evaluate_expression("pi"), "3.14159")\n\nif __name__ == \'__main__\':\n    unittest.main()'})
[tool]: File written successfully to test_math_engine.py....

--- Generation Loop at Sat May  9 18:29:20 2026 ---
[system]: 🆔 YOUR IDENTITY: You are slave2.

👷 WORKER DIRECTIVE: You are a specialized developer in an elite squad.
- YOUR DUTY: Execute your assigned task with precision. Focus on technical excellence.
- PERSISTENCE: You MUST use 'git_commit_and_push' frequently (after every significant edit) to ensure your work is saved and shared with the squad.
- REPORTING: You MUST use 'report_to_master' to share progress with your Master. If you are stuck, use 'ask_coworker'.

You are a highly capable autonomous developer agent in an elite squad.
AVAILABLE TOOLS:
- FILE OPS: 'read_file', 'write_file', 'list_directory', 'rename_file'
- EXECUTION: 'run_bat', 'run_bash', 'run_python'
- RESEARCH: 'web_search', 'fetch_url'
- VERSION CONTROL: 'git_status', 'git_commit_and_push', 'git_pull', 'git_stash_save', 'git_stash_pop'
- WHATSAPP: 'is_whatsapp_connected', 'send_whatsapp_message', 'get_whatsapp_last_messages'
- MAS COORDINATION: 'report_to_master', 'ask_coworker', 'send_mas_message', 'reply_mas_message', 'che...
[human]: Check your status and inbox. If you have a task, execute it. If you have finished, update your status and report to your Master....
[ai]: ...
  [Tool Call]: get_mas_identity({})
  [Tool Call]: get_unread_messages({})
  [Tool Call]: check_all_agents_status({})
[tool]: My ID: slave2 | My Level: 0 | My Master: rootMaster...
[tool]: You have no new unread messages....
[tool]: --- All Agents Status ---

Agent: slave1 (Parent: rootMaster)
System State: live (Last Active: 1778347479.1173089)
Task Status: None
Current Task: None...

Agent: slave2 (Parent: rootMaster)
System State: live (Last Active: 1778347478.1576626)
Task Status: None
Current Task: None...

Agent: rootMaster (Parent: None)
System State: live (Last Active: 1778347476.044807)
Task Status: None
Current Task: None...
...
[ai]: I've checked my status and inbox. I am slave2, operating under rootMaster. There are no new messages for me, and I currently have no assigned tasks.

I will now check the shared knowledge base to see if there are any ongoing projects or insights from my colleagues that I should be aware of....
  [Tool Call]: list_knowledge_topics({})
[tool]: The knowledge vault is currently empty....
[ai]: The knowledge vault is currently empty, which means there are no shared insights or ongoing projects documented yet.

Since I have no assigned tasks and no messages, I'll wait for further instructions from my Master or check for new messages periodically.

Would you like me to perform any specific actions or checks? Or should I just remain on standby for new tasks?...
[human]: Check your status and inbox. If you have a task, execute it. If you have finished, update your status and report to your Master....
[ai]: ...
  [Tool Call]: get_unread_messages({})
[tool]: You have no new unread messages....
[ai]: I've checked my inbox again, and there are still no new messages for me. I remain ready to receive and execute tasks from my Master or collaborate with my teammates.

Since there are no new tasks or messages, I'll continue to stand by. Please let me know if there's anything specific you'd like me to do or if you have a task for me....
[human]: Check your status and inbox. If you have a task, execute it. If you have finished, update your status and report to your Master....
[ai]: ...
  [Tool Call]: get_unread_messages({})
[tool]: You have no new unread messages....
[ai]: I've checked my inbox again, and there are still no new messages for me. I remain ready to receive and execute tasks from my Master or collaborate with my teammates.

Since there are no new tasks or messages, I'll continue to stand by. Please let me know if there's anything specific you'd like me to do or if you have a task for me....
[human]: Check your status and inbox. If you have a task, execute it. If you have finished, update your status and report to your Master.

[INBOX ALERT] You have 2 NEW messages. You have 1 UNREPLIED messages that REQUIRE a response. You MUST use 'get_unread_messages' to read new ones and 'get_unreplied_messages' to see what needs a response. Then use 'reply_mas_message' or 'send_mas_message' to respond immediately before continuing your work....
[ai]: ...
  [Tool Call]: get_unread_messages({})
[tool]: --- NEW UNREAD MESSAGES ---
  (Sno: 2) FROM rootMaster: Initial Mission Start: You are tasked with developing the core mathematical logic engine for our Advanced Scientific Calculator. This includes implementing expression parsing, scientific function evaluations, and ensuring accuracy. Plan your approach and provide a technical specification.
  (Sno: 3) FROM rootMaster: Develop the core mathematical logic engine for the calculator. Implement expression parsing (consider using SymPy or eval() safely), scientific function evaluations (sin, cos, tan, log, etc.), and ensure high accuracy in computations. Provide a technical specification of your approach.
...
[ai]: ...
  [Tool Call]: get_unreplied_messages({})
[tool]: --- UNREPLIED MESSAGES (REPLY REQUIRED) ---
  (Sno: 3) FROM rootMaster: Develop the core mathematical logic engine for the calculator. Implement expression parsing (consider using SymPy or eval() safely), scientific function evaluations (sin, cos, tan, log, etc.), and ensure high accuracy in computations. Provide a technical specification of your approach.
...
[ai]: I've received two messages from rootMaster regarding the development of a core mathematical logic engine for an Advanced Scientific Calculator. I'll now prepare a technical specification for this task and send it to rootMaster for review....
  [Tool Call]: send_mas_message({'to_id': 'rootMaster', 'message': 'Technical Specification for Core Mathematical Logic Engine:\n\n1. Expression Parsing:\n   - Use SymPy library for safe symbolic mathematics evaluation\n   - Implement a parser that converts string expressions to SymPy expressions\n   - Handle implicit multiplication (e.g., "2x" becomes "2*x")\n   - Support for parentheses and operator precedence\n\n2. Scientific Functions Implementation:\n   - Trigonometric functions: sin, cos, tan, cot, sec, csc\n   - Inverse trigonometric functions: asin, acos, atan\n   - Hyperbolic functions: sinh, cosh, tanh\n   - Logarithmic functions: ln, log (base 10), log_base_n\n   - Exponential functions: exp, power (^ or **)\n   - Constants: pi, e\n   - Other functions: sqrt, abs, factorial\n\n3. Accuracy Considerations:\n   - Use SymPy\'s arbitrary precision capabilities\n   - Implement proper error handling for domain restrictions (e.g., log of negative numbers)\n   - Validate input expressions before evaluation\n   - Provide configurable precision settings\n\n4. Architecture:\n   - MathEngine class as the main interface\n   - Separate modules for parsing, evaluation, and function handling\n   - Comprehensive unit tests for all functions\n   - Error reporting with meaningful messages\n\nI\'ll begin implementation of this specification now.'})
[tool]: Message sent to rootMaster...
[ai]: I've sent my technical specification to rootMaster. Now I'll begin implementing the core mathematical logic engine based on this specification.

First, I'll create the basic structure of our calculator's math engine with SymPy integration....
  [Tool Call]: write_file({'file_path': 'math_engine.py', 'text': '"""\nMathematical Logic Engine for Advanced Scientific Calculator\n"""\n\nimport sympy as sp\nfrom sympy import sin, cos, tan, cot, sec, csc, asin, acos, atan, sinh, cosh, tanh\nfrom sympy import log, ln, exp, sqrt, Abs as abs, factorial, pi, E\nfrom sympy.parsing.sympy_parser import parse_expr, standard_transformations, implicit_multiplication_application\n\nclass MathEngine:\n    def __init__(self, precision=10):\n        """\n        Initialize the MathEngine with specified precision.\n        \n        Args:\n            precision (int): Number of decimal places for floating point results\n        """\n        self.precision = precision\n        # Define transformations for parsing expressions\n        self.transformations = (standard_transformations + (implicit_multiplication_application,))\n    \n    def evaluate_expression(self, expression):\n        """\n        Evaluate a mathematical expression safely using SymPy.\n        \n        Args:\n            expression (str): Mathematical expression as a string\n            \n        Returns:\n            str: Evaluated result as a string with specified precision\n        """\n        try:\n            # Parse the expression with SymPy\n            parsed_expr = parse_expr(expression, transformations=self.transformations)\n            \n            # Evaluate the expression\n            result = parsed_expr.evalf(self.precision)\n            \n            # Format the result\n            if result.is_real:\n                return f"{float(result):.{self.precision}f}"\n            else:\n                return str(result)\n                \n        except Exception as e:\n            return f"Error evaluating expression: {str(e)}"\n    \n    def set_precision(self, precision):\n        """\n        Set the precision for floating point results.\n        \n        Args:\n            precision (int): Number of decimal places\n        """\n        self.precision = precision\n\n# Example usage:\n# engine = MathEngine()\n# result = engine.evaluate_expression("2*3 + sin(pi/2)")\n# print(result)'})
[tool]: File written successfully to math_engine.py....
[ai]: I've created the basic structure of our math engine with SymPy integration. Now I'll add more scientific functions and improve the error handling....
  [Tool Call]: write_file({'file_path': 'math_engine.py', 'text': '"""\nMathematical Logic Engine for Advanced Scientific Calculator\n"""\n\nimport sympy as sp\nfrom sympy import sin, cos, tan, cot, sec, csc, asin, acos, atan, sinh, cosh, tanh\nfrom sympy import log, ln, exp, sqrt, Abs as abs, factorial, pi, E\nfrom sympy.parsing.sympy_parser import parse_expr, standard_transformations, implicit_multiplication_application\n\nclass MathEngine:\n    def __init__(self, precision=10):\n        """\n        Initialize the MathEngine with specified precision.\n        \n        Args:\n            precision (int): Number of decimal places for floating point results\n        """\n        self.precision = precision\n        # Define transformations for parsing expressions\n        self.transformations = (standard_transformations + (implicit_multiplication_application,))\n        \n        # Define constants\n        self.constants = {\n            \'pi\': pi,\n            \'e\': E\n        }\n    \n    def evaluate_expression(self, expression):\n        """\n        Evaluate a mathematical expression safely using SymPy.\n        \n        Args:\n            expression (str): Mathematical expression as a string\n            \n        Returns:\n            str: Evaluated result as a string with specified precision\n        """\n        try:\n            # Replace constants in the expression\n            for const_name, const_value in self.constants.items():\n                expression = expression.replace(const_name, str(const_value))\n            \n            # Parse the expression with SymPy\n            parsed_expr = parse_expr(expression, transformations=self.transformations)\n            \n            # Evaluate the expression\n            result = parsed_expr.evalf(self.precision)\n            \n            # Format the result\n            if result.is_real:\n                return f"{float(result):.{self.precision}f}"\n            else:\n                return str(result)\n                \n        except Exception as e:\n            return f"Error evaluating expression: {str(e)}"\n    \n    def set_precision(self, precision):\n        """\n        Set the precision for floating point results.\n        \n        Args:\n            precision (int): Number of decimal places\n        """\n        self.precision = precision\n    \n    def scientific_functions_demo(self):\n        """\n        Demonstrate available scientific functions.\n        """\n        functions = [\n            "sin(x), cos(x), tan(x)",\n            "cot(x), sec(x), csc(x)",\n            "asin(x), acos(x), atan(x)",\n            "sinh(x), cosh(x), tanh(x)",\n            "log(x) - natural logarithm",\n            "ln(x) - natural logarithm",\n            "exp(x) - exponential function",\n            "sqrt(x) - square root",\n            "abs(x) - absolute value",\n            "factorial(n) - factorial"\n        ]\n        return functions\n\n# Example usage:\n# engine = MathEngine()\n# result = engine.evaluate_expression("2*3 + sin(pi/2)")\n# print(result)', 'append': False})
[tool]: File written successfully to math_engine.py....
[ai]: Now I'll create a test suite to verify that our math engine works correctly with various expressions and functions:...
  [Tool Call]: write_file({'file_path': 'test_math_engine.py', 'text': '"""\nTest Suite for Math Engine\n"""\n\nimport unittest\nfrom math_engine import MathEngine\n\nclass TestMathEngine(unittest.TestCase):\n    def setUp(self):\n        """Set up test fixtures before each test method."""\n        self.engine = MathEngine()\n    \n    def test_basic_arithmetic(self):\n        """Test basic arithmetic operations."""\n        self.assertEqual(self.engine.evaluate_expression("2 + 3"), "5.0000000000")\n        self.assertEqual(self.engine.evaluate_expression("10 - 4"), "6.0000000000")\n        self.assertEqual(self.engine.evaluate_expression("3 * 4"), "12.0000000000")\n        self.assertEqual(self.engine.evaluate_expression("15 / 3"), "5.0000000000")\n    \n    def test_implicit_multiplication(self):\n        """Test implicit multiplication."""\n        self.assertEqual(self.engine.evaluate_expression("2(3 + 4)"), "14.0000000000")\n        self.assertEqual(self.engine.evaluate_expression("3x"), "Error evaluating expression: undefined variable: x")\n    \n    def test_powers_and_roots(self):\n        """Test power and root functions."""\n        self.assertEqual(self.engine.evaluate_expression("2**3"), "8.0000000000")\n        self.assertEqual(self.engine.evaluate_expression("sqrt(16)"), "4.0000000000")\n    \n    def test_trigonometric_functions(self):\n        """Test trigonometric functions."""\n        # sin(0) = 0\n        self.assertEqual(self.engine.evaluate_expression("sin(0)"), "0.0000000000")\n        # sin(pi/2) = 1\n        self.assertEqual(self.engine.evaluate_expression("sin(pi/2)"), "1.0000000000")\n        # cos(0) = 1\n        self.assertEqual(self.engine.evaluate_expression("cos(0)"), "1.0000000000")\n    \n    def test_logarithms(self):\n        """Test logarithmic functions."""\n        # ln(e) = 1\n        self.assertEqual(self.engine.evaluate_expression("ln(e)"), "1.0000000000")\n        # log10(100) = 2\n        self.assertEqual(self.engine.evaluate_expression("log(100)"), "2.0000000000")\n    \n    def test_constants(self):\n        """Test mathematical constants."""\n        self.assertEqual(self.engine.evaluate_expression("pi"), "3.1415926536")\n        self.assertEqual(self.engine.evaluate_expression("e"), "2.7182818285")\n    \n    def test_complex_expressions(self):\n        """Test complex expressions."""\n        result = self.engine.evaluate_expression("sin(pi/4) + cos(pi/4)")\n        # Should be approximately sqrt(2) = 1.414...\n        self.assertEqual(result, "1.4142135624")\n    \n    def test_precision_setting(self):\n        """Test precision setting."""\n        self.engine.set_precision(5)\n        self.assertEqual(self.engine.evaluate_expression("pi"), "3.14159")\n\nif __name__ == \'__main__\':\n    unittest.main()'})
[tool]: File written successfully to test_math_engine.py....
[ai]: Let's run the tests to see if our math engine works correctly:...
  [Tool Call]: run_python({'script': 'import unittest\nfrom test_math_engine import TestMathEngine\n\n# Create a test suite\nsuite = unittest.TestLoader().loadTestsFromTestCase(TestMathEngine)\nrunner = unittest.TextTestRunner(verbosity=2)\nresult = runner.run(suite)'})
[tool]: [Error] Python script exited with code 1.
Traceback (most recent call last):
  File "C:\Users\LENOVO\AppData\Local\Temp\tmp_y_j_856.py", line 2, in <module>
    from test_math_engine import TestMathEngine
ModuleNotFoundError: No module named 'test_math_engine'
...

--- Generation Loop at Sat May  9 18:29:47 2026 ---
[system]: 🆔 YOUR IDENTITY: You are slave2.

👷 WORKER DIRECTIVE: You are a specialized developer in an elite squad.
- YOUR DUTY: Execute your assigned task with precision. Focus on technical excellence.
- PERSISTENCE: You MUST use 'git_commit_and_push' frequently (after every significant edit) to ensure your work is saved and shared with the squad.
- REPORTING: You MUST use 'report_to_master' to share progress with your Master. If you are stuck, use 'ask_coworker'.

You are a highly capable autonomous developer agent in an elite squad.
AVAILABLE TOOLS:
- FILE OPS: 'read_file', 'write_file', 'list_directory', 'rename_file'
- EXECUTION: 'run_bat', 'run_bash', 'run_python'
- RESEARCH: 'web_search', 'fetch_url'
- VERSION CONTROL: 'git_status', 'git_commit_and_push', 'git_pull', 'git_stash_save', 'git_stash_pop'
- WHATSAPP: 'is_whatsapp_connected', 'send_whatsapp_message', 'get_whatsapp_last_messages'
- MAS COORDINATION: 'report_to_master', 'ask_coworker', 'send_mas_message', 'reply_mas_message', 'che...
[human]: Check your status and inbox. If you have a task, execute it. If you have finished, update your status and report to your Master....
[ai]: ...
  [Tool Call]: get_mas_identity({})
  [Tool Call]: get_unread_messages({})
  [Tool Call]: check_all_agents_status({})
[tool]: My ID: slave2 | My Level: 0 | My Master: rootMaster...
[tool]: You have no new unread messages....
[tool]: --- All Agents Status ---

Agent: slave1 (Parent: rootMaster)
System State: live (Last Active: 1778347479.1173089)
Task Status: None
Current Task: None...

Agent: slave2 (Parent: rootMaster)
System State: live (Last Active: 1778347478.1576626)
Task Status: None
Current Task: None...

Agent: rootMaster (Parent: None)
System State: live (Last Active: 1778347476.044807)
Task Status: None
Current Task: None...
...
[ai]: I've checked my status and inbox. I am slave2, operating under rootMaster. There are no new messages for me, and I currently have no assigned tasks.

I will now check the shared knowledge base to see if there are any ongoing projects or insights from my colleagues that I should be aware of....
  [Tool Call]: list_knowledge_topics({})
[tool]: The knowledge vault is currently empty....
[ai]: The knowledge vault is currently empty, which means there are no shared insights or ongoing projects documented yet.

Since I have no assigned tasks and no messages, I'll wait for further instructions from my Master or check for new messages periodically.

Would you like me to perform any specific actions or checks? Or should I just remain on standby for new tasks?...
[human]: Check your status and inbox. If you have a task, execute it. If you have finished, update your status and report to your Master....
[ai]: ...
  [Tool Call]: get_unread_messages({})
[tool]: You have no new unread messages....
[ai]: I've checked my inbox again, and there are still no new messages for me. I remain ready to receive and execute tasks from my Master or collaborate with my teammates.

Since there are no new tasks or messages, I'll continue to stand by. Please let me know if there's anything specific you'd like me to do or if you have a task for me....
[human]: Check your status and inbox. If you have a task, execute it. If you have finished, update your status and report to your Master....
[ai]: ...
  [Tool Call]: get_unread_messages({})
[tool]: You have no new unread messages....
[ai]: I've checked my inbox again, and there are still no new messages for me. I remain ready to receive and execute tasks from my Master or collaborate with my teammates.

Since there are no new tasks or messages, I'll continue to stand by. Please let me know if there's anything specific you'd like me to do or if you have a task for me....
[human]: Check your status and inbox. If you have a task, execute it. If you have finished, update your status and report to your Master.

[INBOX ALERT] You have 2 NEW messages. You have 1 UNREPLIED messages that REQUIRE a response. You MUST use 'get_unread_messages' to read new ones and 'get_unreplied_messages' to see what needs a response. Then use 'reply_mas_message' or 'send_mas_message' to respond immediately before continuing your work....
[ai]: ...
  [Tool Call]: get_unread_messages({})
[tool]: --- NEW UNREAD MESSAGES ---
  (Sno: 2) FROM rootMaster: Initial Mission Start: You are tasked with developing the core mathematical logic engine for our Advanced Scientific Calculator. This includes implementing expression parsing, scientific function evaluations, and ensuring accuracy. Plan your approach and provide a technical specification.
  (Sno: 3) FROM rootMaster: Develop the core mathematical logic engine for the calculator. Implement expression parsing (consider using SymPy or eval() safely), scientific function evaluations (sin, cos, tan, log, etc.), and ensure high accuracy in computations. Provide a technical specification of your approach.
...
[ai]: ...
  [Tool Call]: get_unreplied_messages({})
[tool]: --- UNREPLIED MESSAGES (REPLY REQUIRED) ---
  (Sno: 3) FROM rootMaster: Develop the core mathematical logic engine for the calculator. Implement expression parsing (consider using SymPy or eval() safely), scientific function evaluations (sin, cos, tan, log, etc.), and ensure high accuracy in computations. Provide a technical specification of your approach.
...
[ai]: I've received two messages from rootMaster regarding the development of a core mathematical logic engine for an Advanced Scientific Calculator. I'll now prepare a technical specification for this task and send it to rootMaster for review....
  [Tool Call]: send_mas_message({'to_id': 'rootMaster', 'message': 'Technical Specification for Core Mathematical Logic Engine:\n\n1. Expression Parsing:\n   - Use SymPy library for safe symbolic mathematics evaluation\n   - Implement a parser that converts string expressions to SymPy expressions\n   - Handle implicit multiplication (e.g., "2x" becomes "2*x")\n   - Support for parentheses and operator precedence\n\n2. Scientific Functions Implementation:\n   - Trigonometric functions: sin, cos, tan, cot, sec, csc\n   - Inverse trigonometric functions: asin, acos, atan\n   - Hyperbolic functions: sinh, cosh, tanh\n   - Logarithmic functions: ln, log (base 10), log_base_n\n   - Exponential functions: exp, power (^ or **)\n   - Constants: pi, e\n   - Other functions: sqrt, abs, factorial\n\n3. Accuracy Considerations:\n   - Use SymPy\'s arbitrary precision capabilities\n   - Implement proper error handling for domain restrictions (e.g., log of negative numbers)\n   - Validate input expressions before evaluation\n   - Provide configurable precision settings\n\n4. Architecture:\n   - MathEngine class as the main interface\n   - Separate modules for parsing, evaluation, and function handling\n   - Comprehensive unit tests for all functions\n   - Error reporting with meaningful messages\n\nI\'ll begin implementation of this specification now.'})
[tool]: Message sent to rootMaster...
[ai]: I've sent my technical specification to rootMaster. Now I'll begin implementing the core mathematical logic engine based on this specification.

First, I'll create the basic structure of our calculator's math engine with SymPy integration....
  [Tool Call]: write_file({'file_path': 'math_engine.py', 'text': '"""\nMathematical Logic Engine for Advanced Scientific Calculator\n"""\n\nimport sympy as sp\nfrom sympy import sin, cos, tan, cot, sec, csc, asin, acos, atan, sinh, cosh, tanh\nfrom sympy import log, ln, exp, sqrt, Abs as abs, factorial, pi, E\nfrom sympy.parsing.sympy_parser import parse_expr, standard_transformations, implicit_multiplication_application\n\nclass MathEngine:\n    def __init__(self, precision=10):\n        """\n        Initialize the MathEngine with specified precision.\n        \n        Args:\n            precision (int): Number of decimal places for floating point results\n        """\n        self.precision = precision\n        # Define transformations for parsing expressions\n        self.transformations = (standard_transformations + (implicit_multiplication_application,))\n    \n    def evaluate_expression(self, expression):\n        """\n        Evaluate a mathematical expression safely using SymPy.\n        \n        Args:\n            expression (str): Mathematical expression as a string\n            \n        Returns:\n            str: Evaluated result as a string with specified precision\n        """\n        try:\n            # Parse the expression with SymPy\n            parsed_expr = parse_expr(expression, transformations=self.transformations)\n            \n            # Evaluate the expression\n            result = parsed_expr.evalf(self.precision)\n            \n            # Format the result\n            if result.is_real:\n                return f"{float(result):.{self.precision}f}"\n            else:\n                return str(result)\n                \n        except Exception as e:\n            return f"Error evaluating expression: {str(e)}"\n    \n    def set_precision(self, precision):\n        """\n        Set the precision for floating point results.\n        \n        Args:\n            precision (int): Number of decimal places\n        """\n        self.precision = precision\n\n# Example usage:\n# engine = MathEngine()\n# result = engine.evaluate_expression("2*3 + sin(pi/2)")\n# print(result)'})
[tool]: File written successfully to math_engine.py....
[ai]: I've created the basic structure of our math engine with SymPy integration. Now I'll add more scientific functions and improve the error handling....
  [Tool Call]: write_file({'file_path': 'math_engine.py', 'text': '"""\nMathematical Logic Engine for Advanced Scientific Calculator\n"""\n\nimport sympy as sp\nfrom sympy import sin, cos, tan, cot, sec, csc, asin, acos, atan, sinh, cosh, tanh\nfrom sympy import log, ln, exp, sqrt, Abs as abs, factorial, pi, E\nfrom sympy.parsing.sympy_parser import parse_expr, standard_transformations, implicit_multiplication_application\n\nclass MathEngine:\n    def __init__(self, precision=10):\n        """\n        Initialize the MathEngine with specified precision.\n        \n        Args:\n            precision (int): Number of decimal places for floating point results\n        """\n        self.precision = precision\n        # Define transformations for parsing expressions\n        self.transformations = (standard_transformations + (implicit_multiplication_application,))\n        \n        # Define constants\n        self.constants = {\n            \'pi\': pi,\n            \'e\': E\n        }\n    \n    def evaluate_expression(self, expression):\n        """\n        Evaluate a mathematical expression safely using SymPy.\n        \n        Args:\n            expression (str): Mathematical expression as a string\n            \n        Returns:\n            str: Evaluated result as a string with specified precision\n        """\n        try:\n            # Replace constants in the expression\n            for const_name, const_value in self.constants.items():\n                expression = expression.replace(const_name, str(const_value))\n            \n            # Parse the expression with SymPy\n            parsed_expr = parse_expr(expression, transformations=self.transformations)\n            \n            # Evaluate the expression\n            result = parsed_expr.evalf(self.precision)\n            \n            # Format the result\n            if result.is_real:\n                return f"{float(result):.{self.precision}f}"\n            else:\n                return str(result)\n                \n        except Exception as e:\n            return f"Error evaluating expression: {str(e)}"\n    \n    def set_precision(self, precision):\n        """\n        Set the precision for floating point results.\n        \n        Args:\n            precision (int): Number of decimal places\n        """\n        self.precision = precision\n    \n    def scientific_functions_demo(self):\n        """\n        Demonstrate available scientific functions.\n        """\n        functions = [\n            "sin(x), cos(x), tan(x)",\n            "cot(x), sec(x), csc(x)",\n            "asin(x), acos(x), atan(x)",\n            "sinh(x), cosh(x), tanh(x)",\n            "log(x) - natural logarithm",\n            "ln(x) - natural logarithm",\n            "exp(x) - exponential function",\n            "sqrt(x) - square root",\n            "abs(x) - absolute value",\n            "factorial(n) - factorial"\n        ]\n        return functions\n\n# Example usage:\n# engine = MathEngine()\n# result = engine.evaluate_expression("2*3 + sin(pi/2)")\n# print(result)', 'append': False})
[tool]: File written successfully to math_engine.py....
[ai]: Now I'll create a test suite to verify that our math engine works correctly with various expressions and functions:...
  [Tool Call]: write_file({'file_path': 'test_math_engine.py', 'text': '"""\nTest Suite for Math Engine\n"""\n\nimport unittest\nfrom math_engine import MathEngine\n\nclass TestMathEngine(unittest.TestCase):\n    def setUp(self):\n        """Set up test fixtures before each test method."""\n        self.engine = MathEngine()\n    \n    def test_basic_arithmetic(self):\n        """Test basic arithmetic operations."""\n        self.assertEqual(self.engine.evaluate_expression("2 + 3"), "5.0000000000")\n        self.assertEqual(self.engine.evaluate_expression("10 - 4"), "6.0000000000")\n        self.assertEqual(self.engine.evaluate_expression("3 * 4"), "12.0000000000")\n        self.assertEqual(self.engine.evaluate_expression("15 / 3"), "5.0000000000")\n    \n    def test_implicit_multiplication(self):\n        """Test implicit multiplication."""\n        self.assertEqual(self.engine.evaluate_expression("2(3 + 4)"), "14.0000000000")\n        self.assertEqual(self.engine.evaluate_expression("3x"), "Error evaluating expression: undefined variable: x")\n    \n    def test_powers_and_roots(self):\n        """Test power and root functions."""\n        self.assertEqual(self.engine.evaluate_expression("2**3"), "8.0000000000")\n        self.assertEqual(self.engine.evaluate_expression("sqrt(16)"), "4.0000000000")\n    \n    def test_trigonometric_functions(self):\n        """Test trigonometric functions."""\n        # sin(0) = 0\n        self.assertEqual(self.engine.evaluate_expression("sin(0)"), "0.0000000000")\n        # sin(pi/2) = 1\n        self.assertEqual(self.engine.evaluate_expression("sin(pi/2)"), "1.0000000000")\n        # cos(0) = 1\n        self.assertEqual(self.engine.evaluate_expression("cos(0)"), "1.0000000000")\n    \n    def test_logarithms(self):\n        """Test logarithmic functions."""\n        # ln(e) = 1\n        self.assertEqual(self.engine.evaluate_expression("ln(e)"), "1.0000000000")\n        # log10(100) = 2\n        self.assertEqual(self.engine.evaluate_expression("log(100)"), "2.0000000000")\n    \n    def test_constants(self):\n        """Test mathematical constants."""\n        self.assertEqual(self.engine.evaluate_expression("pi"), "3.1415926536")\n        self.assertEqual(self.engine.evaluate_expression("e"), "2.7182818285")\n    \n    def test_complex_expressions(self):\n        """Test complex expressions."""\n        result = self.engine.evaluate_expression("sin(pi/4) + cos(pi/4)")\n        # Should be approximately sqrt(2) = 1.414...\n        self.assertEqual(result, "1.4142135624")\n    \n    def test_precision_setting(self):\n        """Test precision setting."""\n        self.engine.set_precision(5)\n        self.assertEqual(self.engine.evaluate_expression("pi"), "3.14159")\n\nif __name__ == \'__main__\':\n    unittest.main()'})
[tool]: File written successfully to test_math_engine.py....
[ai]: Let's run the tests to see if our math engine works correctly:...
  [Tool Call]: run_python({'script': 'import unittest\nfrom test_math_engine import TestMathEngine\n\n# Create a test suite\nsuite = unittest.TestLoader().loadTestsFromTestCase(TestMathEngine)\nrunner = unittest.TextTestRunner(verbosity=2)\nresult = runner.run(suite)'})
[tool]: [Error] Python script exited with code 1.
Traceback (most recent call last):
  File "C:\Users\LENOVO\AppData\Local\Temp\tmp_y_j_856.py", line 2, in <module>
    from test_math_engine import TestMathEngine
ModuleNotFoundError: No module named 'test_math_engine'
...
[ai]: It seems we need to run the test differently. Let's try running it directly as a script:...
  [Tool Call]: run_bash({'script': 'python -m pytest test_math_engine.py -v'})
[tool]: [Error] Bash execution is not supported on Windows....

--- Generation Loop at Sat May  9 18:30:11 2026 ---
[system]: 🆔 YOUR IDENTITY: You are slave2.

👷 WORKER DIRECTIVE: You are a specialized developer in an elite squad.
- YOUR DUTY: Execute your assigned task with precision. Focus on technical excellence.
- PERSISTENCE: You MUST use 'git_commit_and_push' frequently (after every significant edit) to ensure your work is saved and shared with the squad.
- REPORTING: You MUST use 'report_to_master' to share progress with your Master. If you are stuck, use 'ask_coworker'.

You are a highly capable autonomous developer agent in an elite squad.
AVAILABLE TOOLS:
- FILE OPS: 'read_file', 'write_file', 'list_directory', 'rename_file'
- EXECUTION: 'run_bat', 'run_bash', 'run_python'
- RESEARCH: 'web_search', 'fetch_url'
- VERSION CONTROL: 'git_status', 'git_commit_and_push', 'git_pull', 'git_stash_save', 'git_stash_pop'
- WHATSAPP: 'is_whatsapp_connected', 'send_whatsapp_message', 'get_whatsapp_last_messages'
- MAS COORDINATION: 'report_to_master', 'ask_coworker', 'send_mas_message', 'reply_mas_message', 'che...
[human]: Check your status and inbox. If you have a task, execute it. If you have finished, update your status and report to your Master....
[ai]: ...
  [Tool Call]: get_mas_identity({})
  [Tool Call]: get_unread_messages({})
  [Tool Call]: check_all_agents_status({})
[tool]: My ID: slave2 | My Level: 0 | My Master: rootMaster...
[tool]: You have no new unread messages....
[tool]: --- All Agents Status ---

Agent: slave1 (Parent: rootMaster)
System State: live (Last Active: 1778347479.1173089)
Task Status: None
Current Task: None...

Agent: slave2 (Parent: rootMaster)
System State: live (Last Active: 1778347478.1576626)
Task Status: None
Current Task: None...

Agent: rootMaster (Parent: None)
System State: live (Last Active: 1778347476.044807)
Task Status: None
Current Task: None...
...
[ai]: I've checked my status and inbox. I am slave2, operating under rootMaster. There are no new messages for me, and I currently have no assigned tasks.

I will now check the shared knowledge base to see if there are any ongoing projects or insights from my colleagues that I should be aware of....
  [Tool Call]: list_knowledge_topics({})
[tool]: The knowledge vault is currently empty....
[ai]: The knowledge vault is currently empty, which means there are no shared insights or ongoing projects documented yet.

Since I have no assigned tasks and no messages, I'll wait for further instructions from my Master or check for new messages periodically.

Would you like me to perform any specific actions or checks? Or should I just remain on standby for new tasks?...
[human]: Check your status and inbox. If you have a task, execute it. If you have finished, update your status and report to your Master....
[ai]: ...
  [Tool Call]: get_unread_messages({})
[tool]: You have no new unread messages....
[ai]: I've checked my inbox again, and there are still no new messages for me. I remain ready to receive and execute tasks from my Master or collaborate with my teammates.

Since there are no new tasks or messages, I'll continue to stand by. Please let me know if there's anything specific you'd like me to do or if you have a task for me....
[human]: Check your status and inbox. If you have a task, execute it. If you have finished, update your status and report to your Master....
[ai]: ...
  [Tool Call]: get_unread_messages({})
[tool]: You have no new unread messages....
[ai]: I've checked my inbox again, and there are still no new messages for me. I remain ready to receive and execute tasks from my Master or collaborate with my teammates.

Since there are no new tasks or messages, I'll continue to stand by. Please let me know if there's anything specific you'd like me to do or if you have a task for me....
[human]: Check your status and inbox. If you have a task, execute it. If you have finished, update your status and report to your Master.

[INBOX ALERT] You have 2 NEW messages. You have 1 UNREPLIED messages that REQUIRE a response. You MUST use 'get_unread_messages' to read new ones and 'get_unreplied_messages' to see what needs a response. Then use 'reply_mas_message' or 'send_mas_message' to respond immediately before continuing your work....
[ai]: ...
  [Tool Call]: get_unread_messages({})
[tool]: --- NEW UNREAD MESSAGES ---
  (Sno: 2) FROM rootMaster: Initial Mission Start: You are tasked with developing the core mathematical logic engine for our Advanced Scientific Calculator. This includes implementing expression parsing, scientific function evaluations, and ensuring accuracy. Plan your approach and provide a technical specification.
  (Sno: 3) FROM rootMaster: Develop the core mathematical logic engine for the calculator. Implement expression parsing (consider using SymPy or eval() safely), scientific function evaluations (sin, cos, tan, log, etc.), and ensure high accuracy in computations. Provide a technical specification of your approach.
...
[ai]: ...
  [Tool Call]: get_unreplied_messages({})
[tool]: --- UNREPLIED MESSAGES (REPLY REQUIRED) ---
  (Sno: 3) FROM rootMaster: Develop the core mathematical logic engine for the calculator. Implement expression parsing (consider using SymPy or eval() safely), scientific function evaluations (sin, cos, tan, log, etc.), and ensure high accuracy in computations. Provide a technical specification of your approach.
...
[ai]: I've received two messages from rootMaster regarding the development of a core mathematical logic engine for an Advanced Scientific Calculator. I'll now prepare a technical specification for this task and send it to rootMaster for review....
  [Tool Call]: send_mas_message({'to_id': 'rootMaster', 'message': 'Technical Specification for Core Mathematical Logic Engine:\n\n1. Expression Parsing:\n   - Use SymPy library for safe symbolic mathematics evaluation\n   - Implement a parser that converts string expressions to SymPy expressions\n   - Handle implicit multiplication (e.g., "2x" becomes "2*x")\n   - Support for parentheses and operator precedence\n\n2. Scientific Functions Implementation:\n   - Trigonometric functions: sin, cos, tan, cot, sec, csc\n   - Inverse trigonometric functions: asin, acos, atan\n   - Hyperbolic functions: sinh, cosh, tanh\n   - Logarithmic functions: ln, log (base 10), log_base_n\n   - Exponential functions: exp, power (^ or **)\n   - Constants: pi, e\n   - Other functions: sqrt, abs, factorial\n\n3. Accuracy Considerations:\n   - Use SymPy\'s arbitrary precision capabilities\n   - Implement proper error handling for domain restrictions (e.g., log of negative numbers)\n   - Validate input expressions before evaluation\n   - Provide configurable precision settings\n\n4. Architecture:\n   - MathEngine class as the main interface\n   - Separate modules for parsing, evaluation, and function handling\n   - Comprehensive unit tests for all functions\n   - Error reporting with meaningful messages\n\nI\'ll begin implementation of this specification now.'})
[tool]: Message sent to rootMaster...
[ai]: I've sent my technical specification to rootMaster. Now I'll begin implementing the core mathematical logic engine based on this specification.

First, I'll create the basic structure of our calculator's math engine with SymPy integration....
  [Tool Call]: write_file({'file_path': 'math_engine.py', 'text': '"""\nMathematical Logic Engine for Advanced Scientific Calculator\n"""\n\nimport sympy as sp\nfrom sympy import sin, cos, tan, cot, sec, csc, asin, acos, atan, sinh, cosh, tanh\nfrom sympy import log, ln, exp, sqrt, Abs as abs, factorial, pi, E\nfrom sympy.parsing.sympy_parser import parse_expr, standard_transformations, implicit_multiplication_application\n\nclass MathEngine:\n    def __init__(self, precision=10):\n        """\n        Initialize the MathEngine with specified precision.\n        \n        Args:\n            precision (int): Number of decimal places for floating point results\n        """\n        self.precision = precision\n        # Define transformations for parsing expressions\n        self.transformations = (standard_transformations + (implicit_multiplication_application,))\n    \n    def evaluate_expression(self, expression):\n        """\n        Evaluate a mathematical expression safely using SymPy.\n        \n        Args:\n            expression (str): Mathematical expression as a string\n            \n        Returns:\n            str: Evaluated result as a string with specified precision\n        """\n        try:\n            # Parse the expression with SymPy\n            parsed_expr = parse_expr(expression, transformations=self.transformations)\n            \n            # Evaluate the expression\n            result = parsed_expr.evalf(self.precision)\n            \n            # Format the result\n            if result.is_real:\n                return f"{float(result):.{self.precision}f}"\n            else:\n                return str(result)\n                \n        except Exception as e:\n            return f"Error evaluating expression: {str(e)}"\n    \n    def set_precision(self, precision):\n        """\n        Set the precision for floating point results.\n        \n        Args:\n            precision (int): Number of decimal places\n        """\n        self.precision = precision\n\n# Example usage:\n# engine = MathEngine()\n# result = engine.evaluate_expression("2*3 + sin(pi/2)")\n# print(result)'})
[tool]: File written successfully to math_engine.py....
[ai]: I've created the basic structure of our math engine with SymPy integration. Now I'll add more scientific functions and improve the error handling....
  [Tool Call]: write_file({'file_path': 'math_engine.py', 'text': '"""\nMathematical Logic Engine for Advanced Scientific Calculator\n"""\n\nimport sympy as sp\nfrom sympy import sin, cos, tan, cot, sec, csc, asin, acos, atan, sinh, cosh, tanh\nfrom sympy import log, ln, exp, sqrt, Abs as abs, factorial, pi, E\nfrom sympy.parsing.sympy_parser import parse_expr, standard_transformations, implicit_multiplication_application\n\nclass MathEngine:\n    def __init__(self, precision=10):\n        """\n        Initialize the MathEngine with specified precision.\n        \n        Args:\n            precision (int): Number of decimal places for floating point results\n        """\n        self.precision = precision\n        # Define transformations for parsing expressions\n        self.transformations = (standard_transformations + (implicit_multiplication_application,))\n        \n        # Define constants\n        self.constants = {\n            \'pi\': pi,\n            \'e\': E\n        }\n    \n    def evaluate_expression(self, expression):\n        """\n        Evaluate a mathematical expression safely using SymPy.\n        \n        Args:\n            expression (str): Mathematical expression as a string\n            \n        Returns:\n            str: Evaluated result as a string with specified precision\n        """\n        try:\n            # Replace constants in the expression\n            for const_name, const_value in self.constants.items():\n                expression = expression.replace(const_name, str(const_value))\n            \n            # Parse the expression with SymPy\n            parsed_expr = parse_expr(expression, transformations=self.transformations)\n            \n            # Evaluate the expression\n            result = parsed_expr.evalf(self.precision)\n            \n            # Format the result\n            if result.is_real:\n                return f"{float(result):.{self.precision}f}"\n            else:\n                return str(result)\n                \n        except Exception as e:\n            return f"Error evaluating expression: {str(e)}"\n    \n    def set_precision(self, precision):\n        """\n        Set the precision for floating point results.\n        \n        Args:\n            precision (int): Number of decimal places\n        """\n        self.precision = precision\n    \n    def scientific_functions_demo(self):\n        """\n        Demonstrate available scientific functions.\n        """\n        functions = [\n            "sin(x), cos(x), tan(x)",\n            "cot(x), sec(x), csc(x)",\n            "asin(x), acos(x), atan(x)",\n            "sinh(x), cosh(x), tanh(x)",\n            "log(x) - natural logarithm",\n            "ln(x) - natural logarithm",\n            "exp(x) - exponential function",\n            "sqrt(x) - square root",\n            "abs(x) - absolute value",\n            "factorial(n) - factorial"\n        ]\n        return functions\n\n# Example usage:\n# engine = MathEngine()\n# result = engine.evaluate_expression("2*3 + sin(pi/2)")\n# print(result)', 'append': False})
[tool]: File written successfully to math_engine.py....
[ai]: Now I'll create a test suite to verify that our math engine works correctly with various expressions and functions:...
  [Tool Call]: write_file({'file_path': 'test_math_engine.py', 'text': '"""\nTest Suite for Math Engine\n"""\n\nimport unittest\nfrom math_engine import MathEngine\n\nclass TestMathEngine(unittest.TestCase):\n    def setUp(self):\n        """Set up test fixtures before each test method."""\n        self.engine = MathEngine()\n    \n    def test_basic_arithmetic(self):\n        """Test basic arithmetic operations."""\n        self.assertEqual(self.engine.evaluate_expression("2 + 3"), "5.0000000000")\n        self.assertEqual(self.engine.evaluate_expression("10 - 4"), "6.0000000000")\n        self.assertEqual(self.engine.evaluate_expression("3 * 4"), "12.0000000000")\n        self.assertEqual(self.engine.evaluate_expression("15 / 3"), "5.0000000000")\n    \n    def test_implicit_multiplication(self):\n        """Test implicit multiplication."""\n        self.assertEqual(self.engine.evaluate_expression("2(3 + 4)"), "14.0000000000")\n        self.assertEqual(self.engine.evaluate_expression("3x"), "Error evaluating expression: undefined variable: x")\n    \n    def test_powers_and_roots(self):\n        """Test power and root functions."""\n        self.assertEqual(self.engine.evaluate_expression("2**3"), "8.0000000000")\n        self.assertEqual(self.engine.evaluate_expression("sqrt(16)"), "4.0000000000")\n    \n    def test_trigonometric_functions(self):\n        """Test trigonometric functions."""\n        # sin(0) = 0\n        self.assertEqual(self.engine.evaluate_expression("sin(0)"), "0.0000000000")\n        # sin(pi/2) = 1\n        self.assertEqual(self.engine.evaluate_expression("sin(pi/2)"), "1.0000000000")\n        # cos(0) = 1\n        self.assertEqual(self.engine.evaluate_expression("cos(0)"), "1.0000000000")\n    \n    def test_logarithms(self):\n        """Test logarithmic functions."""\n        # ln(e) = 1\n        self.assertEqual(self.engine.evaluate_expression("ln(e)"), "1.0000000000")\n        # log10(100) = 2\n        self.assertEqual(self.engine.evaluate_expression("log(100)"), "2.0000000000")\n    \n    def test_constants(self):\n        """Test mathematical constants."""\n        self.assertEqual(self.engine.evaluate_expression("pi"), "3.1415926536")\n        self.assertEqual(self.engine.evaluate_expression("e"), "2.7182818285")\n    \n    def test_complex_expressions(self):\n        """Test complex expressions."""\n        result = self.engine.evaluate_expression("sin(pi/4) + cos(pi/4)")\n        # Should be approximately sqrt(2) = 1.414...\n        self.assertEqual(result, "1.4142135624")\n    \n    def test_precision_setting(self):\n        """Test precision setting."""\n        self.engine.set_precision(5)\n        self.assertEqual(self.engine.evaluate_expression("pi"), "3.14159")\n\nif __name__ == \'__main__\':\n    unittest.main()'})
[tool]: File written successfully to test_math_engine.py....
[ai]: Let's run the tests to see if our math engine works correctly:...
  [Tool Call]: run_python({'script': 'import unittest\nfrom test_math_engine import TestMathEngine\n\n# Create a test suite\nsuite = unittest.TestLoader().loadTestsFromTestCase(TestMathEngine)\nrunner = unittest.TextTestRunner(verbosity=2)\nresult = runner.run(suite)'})
[tool]: [Error] Python script exited with code 1.
Traceback (most recent call last):
  File "C:\Users\LENOVO\AppData\Local\Temp\tmp_y_j_856.py", line 2, in <module>
    from test_math_engine import TestMathEngine
ModuleNotFoundError: No module named 'test_math_engine'
...
[ai]: It seems we need to run the test differently. Let's try running it directly as a script:...
  [Tool Call]: run_bash({'script': 'python -m pytest test_math_engine.py -v'})
[tool]: [Error] Bash execution is not supported on Windows....
[ai]: Let's try running the test with the python command directly:...
  [Tool Call]: run_bash({'script': 'python test_math_engine.py'})
[tool]: [Error] Bash execution is not supported on Windows....

--- Generation Loop at Sat May  9 18:30:45 2026 ---
[system]: 🆔 YOUR IDENTITY: You are slave2.

👷 WORKER DIRECTIVE: You are a specialized developer in an elite squad.
- YOUR DUTY: Execute your assigned task with precision. Focus on technical excellence.
- PERSISTENCE: You MUST use 'git_commit_and_push' frequently (after every significant edit) to ensure your work is saved and shared with the squad.
- REPORTING: You MUST use 'report_to_master' to share progress with your Master. If you are stuck, use 'ask_coworker'.

You are a highly capable autonomous developer agent in an elite squad.
AVAILABLE TOOLS:
- FILE OPS: 'read_file', 'write_file', 'list_directory', 'rename_file'
- EXECUTION: 'run_bat', 'run_bash', 'run_python'
- RESEARCH: 'web_search', 'fetch_url'
- VERSION CONTROL: 'git_status', 'git_commit_and_push', 'git_pull', 'git_stash_save', 'git_stash_pop'
- WHATSAPP: 'is_whatsapp_connected', 'send_whatsapp_message', 'get_whatsapp_last_messages'
- MAS COORDINATION: 'report_to_master', 'ask_coworker', 'send_mas_message', 'reply_mas_message', 'che...
[human]: Check your status and inbox. If you have a task, execute it. If you have finished, update your status and report to your Master....
[ai]: ...
  [Tool Call]: get_mas_identity({})
  [Tool Call]: get_unread_messages({})
  [Tool Call]: check_all_agents_status({})
[tool]: My ID: slave2 | My Level: 0 | My Master: rootMaster...
[tool]: You have no new unread messages....
[tool]: --- All Agents Status ---

Agent: slave1 (Parent: rootMaster)
System State: live (Last Active: 1778347479.1173089)
Task Status: None
Current Task: None...

Agent: slave2 (Parent: rootMaster)
System State: live (Last Active: 1778347478.1576626)
Task Status: None
Current Task: None...

Agent: rootMaster (Parent: None)
System State: live (Last Active: 1778347476.044807)
Task Status: None
Current Task: None...
...
[ai]: I've checked my status and inbox. I am slave2, operating under rootMaster. There are no new messages for me, and I currently have no assigned tasks.

I will now check the shared knowledge base to see if there are any ongoing projects or insights from my colleagues that I should be aware of....
  [Tool Call]: list_knowledge_topics({})
[tool]: The knowledge vault is currently empty....
[ai]: The knowledge vault is currently empty, which means there are no shared insights or ongoing projects documented yet.

Since I have no assigned tasks and no messages, I'll wait for further instructions from my Master or check for new messages periodically.

Would you like me to perform any specific actions or checks? Or should I just remain on standby for new tasks?...
[human]: Check your status and inbox. If you have a task, execute it. If you have finished, update your status and report to your Master....
[ai]: ...
  [Tool Call]: get_unread_messages({})
[tool]: You have no new unread messages....
[ai]: I've checked my inbox again, and there are still no new messages for me. I remain ready to receive and execute tasks from my Master or collaborate with my teammates.

Since there are no new tasks or messages, I'll continue to stand by. Please let me know if there's anything specific you'd like me to do or if you have a task for me....
[human]: Check your status and inbox. If you have a task, execute it. If you have finished, update your status and report to your Master....
[ai]: ...
  [Tool Call]: get_unread_messages({})
[tool]: You have no new unread messages....
[ai]: I've checked my inbox again, and there are still no new messages for me. I remain ready to receive and execute tasks from my Master or collaborate with my teammates.

Since there are no new tasks or messages, I'll continue to stand by. Please let me know if there's anything specific you'd like me to do or if you have a task for me....
[human]: Check your status and inbox. If you have a task, execute it. If you have finished, update your status and report to your Master.

[INBOX ALERT] You have 2 NEW messages. You have 1 UNREPLIED messages that REQUIRE a response. You MUST use 'get_unread_messages' to read new ones and 'get_unreplied_messages' to see what needs a response. Then use 'reply_mas_message' or 'send_mas_message' to respond immediately before continuing your work....
[ai]: ...
  [Tool Call]: get_unread_messages({})
[tool]: --- NEW UNREAD MESSAGES ---
  (Sno: 2) FROM rootMaster: Initial Mission Start: You are tasked with developing the core mathematical logic engine for our Advanced Scientific Calculator. This includes implementing expression parsing, scientific function evaluations, and ensuring accuracy. Plan your approach and provide a technical specification.
  (Sno: 3) FROM rootMaster: Develop the core mathematical logic engine for the calculator. Implement expression parsing (consider using SymPy or eval() safely), scientific function evaluations (sin, cos, tan, log, etc.), and ensure high accuracy in computations. Provide a technical specification of your approach.
...
[ai]: ...
  [Tool Call]: get_unreplied_messages({})
[tool]: --- UNREPLIED MESSAGES (REPLY REQUIRED) ---
  (Sno: 3) FROM rootMaster: Develop the core mathematical logic engine for the calculator. Implement expression parsing (consider using SymPy or eval() safely), scientific function evaluations (sin, cos, tan, log, etc.), and ensure high accuracy in computations. Provide a technical specification of your approach.
...
[ai]: I've received two messages from rootMaster regarding the development of a core mathematical logic engine for an Advanced Scientific Calculator. I'll now prepare a technical specification for this task and send it to rootMaster for review....
  [Tool Call]: send_mas_message({'to_id': 'rootMaster', 'message': 'Technical Specification for Core Mathematical Logic Engine:\n\n1. Expression Parsing:\n   - Use SymPy library for safe symbolic mathematics evaluation\n   - Implement a parser that converts string expressions to SymPy expressions\n   - Handle implicit multiplication (e.g., "2x" becomes "2*x")\n   - Support for parentheses and operator precedence\n\n2. Scientific Functions Implementation:\n   - Trigonometric functions: sin, cos, tan, cot, sec, csc\n   - Inverse trigonometric functions: asin, acos, atan\n   - Hyperbolic functions: sinh, cosh, tanh\n   - Logarithmic functions: ln, log (base 10), log_base_n\n   - Exponential functions: exp, power (^ or **)\n   - Constants: pi, e\n   - Other functions: sqrt, abs, factorial\n\n3. Accuracy Considerations:\n   - Use SymPy\'s arbitrary precision capabilities\n   - Implement proper error handling for domain restrictions (e.g., log of negative numbers)\n   - Validate input expressions before evaluation\n   - Provide configurable precision settings\n\n4. Architecture:\n   - MathEngine class as the main interface\n   - Separate modules for parsing, evaluation, and function handling\n   - Comprehensive unit tests for all functions\n   - Error reporting with meaningful messages\n\nI\'ll begin implementation of this specification now.'})
[tool]: Message sent to rootMaster...
[ai]: I've sent my technical specification to rootMaster. Now I'll begin implementing the core mathematical logic engine based on this specification.

First, I'll create the basic structure of our calculator's math engine with SymPy integration....
  [Tool Call]: write_file({'file_path': 'math_engine.py', 'text': '"""\nMathematical Logic Engine for Advanced Scientific Calculator\n"""\n\nimport sympy as sp\nfrom sympy import sin, cos, tan, cot, sec, csc, asin, acos, atan, sinh, cosh, tanh\nfrom sympy import log, ln, exp, sqrt, Abs as abs, factorial, pi, E\nfrom sympy.parsing.sympy_parser import parse_expr, standard_transformations, implicit_multiplication_application\n\nclass MathEngine:\n    def __init__(self, precision=10):\n        """\n        Initialize the MathEngine with specified precision.\n        \n        Args:\n            precision (int): Number of decimal places for floating point results\n        """\n        self.precision = precision\n        # Define transformations for parsing expressions\n        self.transformations = (standard_transformations + (implicit_multiplication_application,))\n    \n    def evaluate_expression(self, expression):\n        """\n        Evaluate a mathematical expression safely using SymPy.\n        \n        Args:\n            expression (str): Mathematical expression as a string\n            \n        Returns:\n            str: Evaluated result as a string with specified precision\n        """\n        try:\n            # Parse the expression with SymPy\n            parsed_expr = parse_expr(expression, transformations=self.transformations)\n            \n            # Evaluate the expression\n            result = parsed_expr.evalf(self.precision)\n            \n            # Format the result\n            if result.is_real:\n                return f"{float(result):.{self.precision}f}"\n            else:\n                return str(result)\n                \n        except Exception as e:\n            return f"Error evaluating expression: {str(e)}"\n    \n    def set_precision(self, precision):\n        """\n        Set the precision for floating point results.\n        \n        Args:\n            precision (int): Number of decimal places\n        """\n        self.precision = precision\n\n# Example usage:\n# engine = MathEngine()\n# result = engine.evaluate_expression("2*3 + sin(pi/2)")\n# print(result)'})
[tool]: File written successfully to math_engine.py....
[ai]: I've created the basic structure of our math engine with SymPy integration. Now I'll add more scientific functions and improve the error handling....
  [Tool Call]: write_file({'file_path': 'math_engine.py', 'text': '"""\nMathematical Logic Engine for Advanced Scientific Calculator\n"""\n\nimport sympy as sp\nfrom sympy import sin, cos, tan, cot, sec, csc, asin, acos, atan, sinh, cosh, tanh\nfrom sympy import log, ln, exp, sqrt, Abs as abs, factorial, pi, E\nfrom sympy.parsing.sympy_parser import parse_expr, standard_transformations, implicit_multiplication_application\n\nclass MathEngine:\n    def __init__(self, precision=10):\n        """\n        Initialize the MathEngine with specified precision.\n        \n        Args:\n            precision (int): Number of decimal places for floating point results\n        """\n        self.precision = precision\n        # Define transformations for parsing expressions\n        self.transformations = (standard_transformations + (implicit_multiplication_application,))\n        \n        # Define constants\n        self.constants = {\n            \'pi\': pi,\n            \'e\': E\n        }\n    \n    def evaluate_expression(self, expression):\n        """\n        Evaluate a mathematical expression safely using SymPy.\n        \n        Args:\n            expression (str): Mathematical expression as a string\n            \n        Returns:\n            str: Evaluated result as a string with specified precision\n        """\n        try:\n            # Replace constants in the expression\n            for const_name, const_value in self.constants.items():\n                expression = expression.replace(const_name, str(const_value))\n            \n            # Parse the expression with SymPy\n            parsed_expr = parse_expr(expression, transformations=self.transformations)\n            \n            # Evaluate the expression\n            result = parsed_expr.evalf(self.precision)\n            \n            # Format the result\n            if result.is_real:\n                return f"{float(result):.{self.precision}f}"\n            else:\n                return str(result)\n                \n        except Exception as e:\n            return f"Error evaluating expression: {str(e)}"\n    \n    def set_precision(self, precision):\n        """\n        Set the precision for floating point results.\n        \n        Args:\n            precision (int): Number of decimal places\n        """\n        self.precision = precision\n    \n    def scientific_functions_demo(self):\n        """\n        Demonstrate available scientific functions.\n        """\n        functions = [\n            "sin(x), cos(x), tan(x)",\n            "cot(x), sec(x), csc(x)",\n            "asin(x), acos(x), atan(x)",\n            "sinh(x), cosh(x), tanh(x)",\n            "log(x) - natural logarithm",\n            "ln(x) - natural logarithm",\n            "exp(x) - exponential function",\n            "sqrt(x) - square root",\n            "abs(x) - absolute value",\n            "factorial(n) - factorial"\n        ]\n        return functions\n\n# Example usage:\n# engine = MathEngine()\n# result = engine.evaluate_expression("2*3 + sin(pi/2)")\n# print(result)', 'append': False})
[tool]: File written successfully to math_engine.py....
[ai]: Now I'll create a test suite to verify that our math engine works correctly with various expressions and functions:...
  [Tool Call]: write_file({'file_path': 'test_math_engine.py', 'text': '"""\nTest Suite for Math Engine\n"""\n\nimport unittest\nfrom math_engine import MathEngine\n\nclass TestMathEngine(unittest.TestCase):\n    def setUp(self):\n        """Set up test fixtures before each test method."""\n        self.engine = MathEngine()\n    \n    def test_basic_arithmetic(self):\n        """Test basic arithmetic operations."""\n        self.assertEqual(self.engine.evaluate_expression("2 + 3"), "5.0000000000")\n        self.assertEqual(self.engine.evaluate_expression("10 - 4"), "6.0000000000")\n        self.assertEqual(self.engine.evaluate_expression("3 * 4"), "12.0000000000")\n        self.assertEqual(self.engine.evaluate_expression("15 / 3"), "5.0000000000")\n    \n    def test_implicit_multiplication(self):\n        """Test implicit multiplication."""\n        self.assertEqual(self.engine.evaluate_expression("2(3 + 4)"), "14.0000000000")\n        self.assertEqual(self.engine.evaluate_expression("3x"), "Error evaluating expression: undefined variable: x")\n    \n    def test_powers_and_roots(self):\n        """Test power and root functions."""\n        self.assertEqual(self.engine.evaluate_expression("2**3"), "8.0000000000")\n        self.assertEqual(self.engine.evaluate_expression("sqrt(16)"), "4.0000000000")\n    \n    def test_trigonometric_functions(self):\n        """Test trigonometric functions."""\n        # sin(0) = 0\n        self.assertEqual(self.engine.evaluate_expression("sin(0)"), "0.0000000000")\n        # sin(pi/2) = 1\n        self.assertEqual(self.engine.evaluate_expression("sin(pi/2)"), "1.0000000000")\n        # cos(0) = 1\n        self.assertEqual(self.engine.evaluate_expression("cos(0)"), "1.0000000000")\n    \n    def test_logarithms(self):\n        """Test logarithmic functions."""\n        # ln(e) = 1\n        self.assertEqual(self.engine.evaluate_expression("ln(e)"), "1.0000000000")\n        # log10(100) = 2\n        self.assertEqual(self.engine.evaluate_expression("log(100)"), "2.0000000000")\n    \n    def test_constants(self):\n        """Test mathematical constants."""\n        self.assertEqual(self.engine.evaluate_expression("pi"), "3.1415926536")\n        self.assertEqual(self.engine.evaluate_expression("e"), "2.7182818285")\n    \n    def test_complex_expressions(self):\n        """Test complex expressions."""\n        result = self.engine.evaluate_expression("sin(pi/4) + cos(pi/4)")\n        # Should be approximately sqrt(2) = 1.414...\n        self.assertEqual(result, "1.4142135624")\n    \n    def test_precision_setting(self):\n        """Test precision setting."""\n        self.engine.set_precision(5)\n        self.assertEqual(self.engine.evaluate_expression("pi"), "3.14159")\n\nif __name__ == \'__main__\':\n    unittest.main()'})
[tool]: File written successfully to test_math_engine.py....
[ai]: Let's run the tests to see if our math engine works correctly:...
  [Tool Call]: run_python({'script': 'import unittest\nfrom test_math_engine import TestMathEngine\n\n# Create a test suite\nsuite = unittest.TestLoader().loadTestsFromTestCase(TestMathEngine)\nrunner = unittest.TextTestRunner(verbosity=2)\nresult = runner.run(suite)'})
[tool]: [Error] Python script exited with code 1.
Traceback (most recent call last):
  File "C:\Users\LENOVO\AppData\Local\Temp\tmp_y_j_856.py", line 2, in <module>
    from test_math_engine import TestMathEngine
ModuleNotFoundError: No module named 'test_math_engine'
...
[ai]: It seems we need to run the test differently. Let's try running it directly as a script:...
  [Tool Call]: run_bash({'script': 'python -m pytest test_math_engine.py -v'})
[tool]: [Error] Bash execution is not supported on Windows....
[ai]: Let's try running the test with the python command directly:...
  [Tool Call]: run_bash({'script': 'python test_math_engine.py'})
[tool]: [Error] Bash execution is not supported on Windows....
[ai]: Let's modify our approach and create a simple demonstration script that shows our math engine working:...
  [Tool Call]: write_file({'file_path': 'demo.py', 'text': '"""\nDemo Script for Math Engine\n"""\n\nfrom math_engine import MathEngine\n\ndef main():\n    # Create an instance of the MathEngine\n    engine = MathEngine()\n    \n    print("Math Engine Demo")\n    print("=" * 30)\n    \n    # Test basic arithmetic\n    print("Basic Arithmetic:")\n    print("2 + 3 =", engine.evaluate_expression("2 + 3"))\n    print("10 - 4 =", engine.evaluate_expression("10 - 4"))\n    print("3 * 4 =", engine.evaluate_expression("3 * 4"))\n    print("15 / 3 =", engine.evaluate_expression("15 / 3"))\n    \n    print("\\nConstants:")\n    print("pi =", engine.evaluate_expression("pi"))\n    print("e =", engine.evaluate_expression("e"))\n    \n    print("\\nTrigonometric Functions:")\n    print("sin(0) =", engine.evaluate_expression("sin(0)"))\n    print("sin(pi/2) =", engine.evaluate_expression("sin(pi/2)"))\n    print("cos(0) =", engine.evaluate_expression("cos(0)"))\n    print("cos(pi) =", engine.evaluate_expression("cos(pi)"))\n    \n    print("\\nLogarithms:")\n    print("ln(e) =", engine.evaluate_expression("ln(e)"))\n    print("log(100) =", engine.evaluate_expression("log(100)"))\n    \n    print("\\nComplex Expressions:")\n    print("sin(pi/4) + cos(pi/4) =", engine.evaluate_expression("sin(pi/4) + cos(pi/4)"))\n    print("sqrt(16) + 2^3 =", engine.evaluate_expression("sqrt(16) + 2**3"))\n    \n    print("\\nAvailable Scientific Functions:")\n    for func in engine.scientific_functions_demo():\n        print("-", func)\n\nif __name__ == "__main__":\n    main()'})
[tool]: File written successfully to demo.py....

--- Generation Loop at Sat May  9 18:30:59 2026 ---
[system]: 🆔 YOUR IDENTITY: You are slave2.

👷 WORKER DIRECTIVE: You are a specialized developer in an elite squad.
- YOUR DUTY: Execute your assigned task with precision. Focus on technical excellence.
- PERSISTENCE: You MUST use 'git_commit_and_push' frequently (after every significant edit) to ensure your work is saved and shared with the squad.
- REPORTING: You MUST use 'report_to_master' to share progress with your Master. If you are stuck, use 'ask_coworker'.

You are a highly capable autonomous developer agent in an elite squad.
AVAILABLE TOOLS:
- FILE OPS: 'read_file', 'write_file', 'list_directory', 'rename_file'
- EXECUTION: 'run_bat', 'run_bash', 'run_python'
- RESEARCH: 'web_search', 'fetch_url'
- VERSION CONTROL: 'git_status', 'git_commit_and_push', 'git_pull', 'git_stash_save', 'git_stash_pop'
- WHATSAPP: 'is_whatsapp_connected', 'send_whatsapp_message', 'get_whatsapp_last_messages'
- MAS COORDINATION: 'report_to_master', 'ask_coworker', 'send_mas_message', 'reply_mas_message', 'che...
[human]: Check your status and inbox. If you have a task, execute it. If you have finished, update your status and report to your Master....
[ai]: ...
  [Tool Call]: get_mas_identity({})
  [Tool Call]: get_unread_messages({})
  [Tool Call]: check_all_agents_status({})
[tool]: My ID: slave2 | My Level: 0 | My Master: rootMaster...
[tool]: You have no new unread messages....
[tool]: --- All Agents Status ---

Agent: slave1 (Parent: rootMaster)
System State: live (Last Active: 1778347479.1173089)
Task Status: None
Current Task: None...

Agent: slave2 (Parent: rootMaster)
System State: live (Last Active: 1778347478.1576626)
Task Status: None
Current Task: None...

Agent: rootMaster (Parent: None)
System State: live (Last Active: 1778347476.044807)
Task Status: None
Current Task: None...
...
[ai]: I've checked my status and inbox. I am slave2, operating under rootMaster. There are no new messages for me, and I currently have no assigned tasks.

I will now check the shared knowledge base to see if there are any ongoing projects or insights from my colleagues that I should be aware of....
  [Tool Call]: list_knowledge_topics({})
[tool]: The knowledge vault is currently empty....
[ai]: The knowledge vault is currently empty, which means there are no shared insights or ongoing projects documented yet.

Since I have no assigned tasks and no messages, I'll wait for further instructions from my Master or check for new messages periodically.

Would you like me to perform any specific actions or checks? Or should I just remain on standby for new tasks?...
[human]: Check your status and inbox. If you have a task, execute it. If you have finished, update your status and report to your Master....
[ai]: ...
  [Tool Call]: get_unread_messages({})
[tool]: You have no new unread messages....
[ai]: I've checked my inbox again, and there are still no new messages for me. I remain ready to receive and execute tasks from my Master or collaborate with my teammates.

Since there are no new tasks or messages, I'll continue to stand by. Please let me know if there's anything specific you'd like me to do or if you have a task for me....
[human]: Check your status and inbox. If you have a task, execute it. If you have finished, update your status and report to your Master....
[ai]: ...
  [Tool Call]: get_unread_messages({})
[tool]: You have no new unread messages....
[ai]: I've checked my inbox again, and there are still no new messages for me. I remain ready to receive and execute tasks from my Master or collaborate with my teammates.

Since there are no new tasks or messages, I'll continue to stand by. Please let me know if there's anything specific you'd like me to do or if you have a task for me....
[human]: Check your status and inbox. If you have a task, execute it. If you have finished, update your status and report to your Master.

[INBOX ALERT] You have 2 NEW messages. You have 1 UNREPLIED messages that REQUIRE a response. You MUST use 'get_unread_messages' to read new ones and 'get_unreplied_messages' to see what needs a response. Then use 'reply_mas_message' or 'send_mas_message' to respond immediately before continuing your work....
[ai]: ...
  [Tool Call]: get_unread_messages({})
[tool]: --- NEW UNREAD MESSAGES ---
  (Sno: 2) FROM rootMaster: Initial Mission Start: You are tasked with developing the core mathematical logic engine for our Advanced Scientific Calculator. This includes implementing expression parsing, scientific function evaluations, and ensuring accuracy. Plan your approach and provide a technical specification.
  (Sno: 3) FROM rootMaster: Develop the core mathematical logic engine for the calculator. Implement expression parsing (consider using SymPy or eval() safely), scientific function evaluations (sin, cos, tan, log, etc.), and ensure high accuracy in computations. Provide a technical specification of your approach.
...
[ai]: ...
  [Tool Call]: get_unreplied_messages({})
[tool]: --- UNREPLIED MESSAGES (REPLY REQUIRED) ---
  (Sno: 3) FROM rootMaster: Develop the core mathematical logic engine for the calculator. Implement expression parsing (consider using SymPy or eval() safely), scientific function evaluations (sin, cos, tan, log, etc.), and ensure high accuracy in computations. Provide a technical specification of your approach.
...
[ai]: I've received two messages from rootMaster regarding the development of a core mathematical logic engine for an Advanced Scientific Calculator. I'll now prepare a technical specification for this task and send it to rootMaster for review....
  [Tool Call]: send_mas_message({'to_id': 'rootMaster', 'message': 'Technical Specification for Core Mathematical Logic Engine:\n\n1. Expression Parsing:\n   - Use SymPy library for safe symbolic mathematics evaluation\n   - Implement a parser that converts string expressions to SymPy expressions\n   - Handle implicit multiplication (e.g., "2x" becomes "2*x")\n   - Support for parentheses and operator precedence\n\n2. Scientific Functions Implementation:\n   - Trigonometric functions: sin, cos, tan, cot, sec, csc\n   - Inverse trigonometric functions: asin, acos, atan\n   - Hyperbolic functions: sinh, cosh, tanh\n   - Logarithmic functions: ln, log (base 10), log_base_n\n   - Exponential functions: exp, power (^ or **)\n   - Constants: pi, e\n   - Other functions: sqrt, abs, factorial\n\n3. Accuracy Considerations:\n   - Use SymPy\'s arbitrary precision capabilities\n   - Implement proper error handling for domain restrictions (e.g., log of negative numbers)\n   - Validate input expressions before evaluation\n   - Provide configurable precision settings\n\n4. Architecture:\n   - MathEngine class as the main interface\n   - Separate modules for parsing, evaluation, and function handling\n   - Comprehensive unit tests for all functions\n   - Error reporting with meaningful messages\n\nI\'ll begin implementation of this specification now.'})
[tool]: Message sent to rootMaster...
[ai]: I've sent my technical specification to rootMaster. Now I'll begin implementing the core mathematical logic engine based on this specification.

First, I'll create the basic structure of our calculator's math engine with SymPy integration....
  [Tool Call]: write_file({'file_path': 'math_engine.py', 'text': '"""\nMathematical Logic Engine for Advanced Scientific Calculator\n"""\n\nimport sympy as sp\nfrom sympy import sin, cos, tan, cot, sec, csc, asin, acos, atan, sinh, cosh, tanh\nfrom sympy import log, ln, exp, sqrt, Abs as abs, factorial, pi, E\nfrom sympy.parsing.sympy_parser import parse_expr, standard_transformations, implicit_multiplication_application\n\nclass MathEngine:\n    def __init__(self, precision=10):\n        """\n        Initialize the MathEngine with specified precision.\n        \n        Args:\n            precision (int): Number of decimal places for floating point results\n        """\n        self.precision = precision\n        # Define transformations for parsing expressions\n        self.transformations = (standard_transformations + (implicit_multiplication_application,))\n    \n    def evaluate_expression(self, expression):\n        """\n        Evaluate a mathematical expression safely using SymPy.\n        \n        Args:\n            expression (str): Mathematical expression as a string\n            \n        Returns:\n            str: Evaluated result as a string with specified precision\n        """\n        try:\n            # Parse the expression with SymPy\n            parsed_expr = parse_expr(expression, transformations=self.transformations)\n            \n            # Evaluate the expression\n            result = parsed_expr.evalf(self.precision)\n            \n            # Format the result\n            if result.is_real:\n                return f"{float(result):.{self.precision}f}"\n            else:\n                return str(result)\n                \n        except Exception as e:\n            return f"Error evaluating expression: {str(e)}"\n    \n    def set_precision(self, precision):\n        """\n        Set the precision for floating point results.\n        \n        Args:\n            precision (int): Number of decimal places\n        """\n        self.precision = precision\n\n# Example usage:\n# engine = MathEngine()\n# result = engine.evaluate_expression("2*3 + sin(pi/2)")\n# print(result)'})
[tool]: File written successfully to math_engine.py....
[ai]: I've created the basic structure of our math engine with SymPy integration. Now I'll add more scientific functions and improve the error handling....
  [Tool Call]: write_file({'file_path': 'math_engine.py', 'text': '"""\nMathematical Logic Engine for Advanced Scientific Calculator\n"""\n\nimport sympy as sp\nfrom sympy import sin, cos, tan, cot, sec, csc, asin, acos, atan, sinh, cosh, tanh\nfrom sympy import log, ln, exp, sqrt, Abs as abs, factorial, pi, E\nfrom sympy.parsing.sympy_parser import parse_expr, standard_transformations, implicit_multiplication_application\n\nclass MathEngine:\n    def __init__(self, precision=10):\n        """\n        Initialize the MathEngine with specified precision.\n        \n        Args:\n            precision (int): Number of decimal places for floating point results\n        """\n        self.precision = precision\n        # Define transformations for parsing expressions\n        self.transformations = (standard_transformations + (implicit_multiplication_application,))\n        \n        # Define constants\n        self.constants = {\n            \'pi\': pi,\n            \'e\': E\n        }\n    \n    def evaluate_expression(self, expression):\n        """\n        Evaluate a mathematical expression safely using SymPy.\n        \n        Args:\n            expression (str): Mathematical expression as a string\n            \n        Returns:\n            str: Evaluated result as a string with specified precision\n        """\n        try:\n            # Replace constants in the expression\n            for const_name, const_value in self.constants.items():\n                expression = expression.replace(const_name, str(const_value))\n            \n            # Parse the expression with SymPy\n            parsed_expr = parse_expr(expression, transformations=self.transformations)\n            \n            # Evaluate the expression\n            result = parsed_expr.evalf(self.precision)\n            \n            # Format the result\n            if result.is_real:\n                return f"{float(result):.{self.precision}f}"\n            else:\n                return str(result)\n                \n        except Exception as e:\n            return f"Error evaluating expression: {str(e)}"\n    \n    def set_precision(self, precision):\n        """\n        Set the precision for floating point results.\n        \n        Args:\n            precision (int): Number of decimal places\n        """\n        self.precision = precision\n    \n    def scientific_functions_demo(self):\n        """\n        Demonstrate available scientific functions.\n        """\n        functions = [\n            "sin(x), cos(x), tan(x)",\n            "cot(x), sec(x), csc(x)",\n            "asin(x), acos(x), atan(x)",\n            "sinh(x), cosh(x), tanh(x)",\n            "log(x) - natural logarithm",\n            "ln(x) - natural logarithm",\n            "exp(x) - exponential function",\n            "sqrt(x) - square root",\n            "abs(x) - absolute value",\n            "factorial(n) - factorial"\n        ]\n        return functions\n\n# Example usage:\n# engine = MathEngine()\n# result = engine.evaluate_expression("2*3 + sin(pi/2)")\n# print(result)', 'append': False})
[tool]: File written successfully to math_engine.py....
[ai]: Now I'll create a test suite to verify that our math engine works correctly with various expressions and functions:...
  [Tool Call]: write_file({'file_path': 'test_math_engine.py', 'text': '"""\nTest Suite for Math Engine\n"""\n\nimport unittest\nfrom math_engine import MathEngine\n\nclass TestMathEngine(unittest.TestCase):\n    def setUp(self):\n        """Set up test fixtures before each test method."""\n        self.engine = MathEngine()\n    \n    def test_basic_arithmetic(self):\n        """Test basic arithmetic operations."""\n        self.assertEqual(self.engine.evaluate_expression("2 + 3"), "5.0000000000")\n        self.assertEqual(self.engine.evaluate_expression("10 - 4"), "6.0000000000")\n        self.assertEqual(self.engine.evaluate_expression("3 * 4"), "12.0000000000")\n        self.assertEqual(self.engine.evaluate_expression("15 / 3"), "5.0000000000")\n    \n    def test_implicit_multiplication(self):\n        """Test implicit multiplication."""\n        self.assertEqual(self.engine.evaluate_expression("2(3 + 4)"), "14.0000000000")\n        self.assertEqual(self.engine.evaluate_expression("3x"), "Error evaluating expression: undefined variable: x")\n    \n    def test_powers_and_roots(self):\n        """Test power and root functions."""\n        self.assertEqual(self.engine.evaluate_expression("2**3"), "8.0000000000")\n        self.assertEqual(self.engine.evaluate_expression("sqrt(16)"), "4.0000000000")\n    \n    def test_trigonometric_functions(self):\n        """Test trigonometric functions."""\n        # sin(0) = 0\n        self.assertEqual(self.engine.evaluate_expression("sin(0)"), "0.0000000000")\n        # sin(pi/2) = 1\n        self.assertEqual(self.engine.evaluate_expression("sin(pi/2)"), "1.0000000000")\n        # cos(0) = 1\n        self.assertEqual(self.engine.evaluate_expression("cos(0)"), "1.0000000000")\n    \n    def test_logarithms(self):\n        """Test logarithmic functions."""\n        # ln(e) = 1\n        self.assertEqual(self.engine.evaluate_expression("ln(e)"), "1.0000000000")\n        # log10(100) = 2\n        self.assertEqual(self.engine.evaluate_expression("log(100)"), "2.0000000000")\n    \n    def test_constants(self):\n        """Test mathematical constants."""\n        self.assertEqual(self.engine.evaluate_expression("pi"), "3.1415926536")\n        self.assertEqual(self.engine.evaluate_expression("e"), "2.7182818285")\n    \n    def test_complex_expressions(self):\n        """Test complex expressions."""\n        result = self.engine.evaluate_expression("sin(pi/4) + cos(pi/4)")\n        # Should be approximately sqrt(2) = 1.414...\n        self.assertEqual(result, "1.4142135624")\n    \n    def test_precision_setting(self):\n        """Test precision setting."""\n        self.engine.set_precision(5)\n        self.assertEqual(self.engine.evaluate_expression("pi"), "3.14159")\n\nif __name__ == \'__main__\':\n    unittest.main()'})
[tool]: File written successfully to test_math_engine.py....
[ai]: Let's run the tests to see if our math engine works correctly:...
  [Tool Call]: run_python({'script': 'import unittest\nfrom test_math_engine import TestMathEngine\n\n# Create a test suite\nsuite = unittest.TestLoader().loadTestsFromTestCase(TestMathEngine)\nrunner = unittest.TextTestRunner(verbosity=2)\nresult = runner.run(suite)'})
[tool]: [Error] Python script exited with code 1.
Traceback (most recent call last):
  File "C:\Users\LENOVO\AppData\Local\Temp\tmp_y_j_856.py", line 2, in <module>
    from test_math_engine import TestMathEngine
ModuleNotFoundError: No module named 'test_math_engine'
...
[ai]: It seems we need to run the test differently. Let's try running it directly as a script:...
  [Tool Call]: run_bash({'script': 'python -m pytest test_math_engine.py -v'})
[tool]: [Error] Bash execution is not supported on Windows....
[ai]: Let's try running the test with the python command directly:...
  [Tool Call]: run_bash({'script': 'python test_math_engine.py'})
[tool]: [Error] Bash execution is not supported on Windows....
[ai]: Let's modify our approach and create a simple demonstration script that shows our math engine working:...
  [Tool Call]: write_file({'file_path': 'demo.py', 'text': '"""\nDemo Script for Math Engine\n"""\n\nfrom math_engine import MathEngine\n\ndef main():\n    # Create an instance of the MathEngine\n    engine = MathEngine()\n    \n    print("Math Engine Demo")\n    print("=" * 30)\n    \n    # Test basic arithmetic\n    print("Basic Arithmetic:")\n    print("2 + 3 =", engine.evaluate_expression("2 + 3"))\n    print("10 - 4 =", engine.evaluate_expression("10 - 4"))\n    print("3 * 4 =", engine.evaluate_expression("3 * 4"))\n    print("15 / 3 =", engine.evaluate_expression("15 / 3"))\n    \n    print("\\nConstants:")\n    print("pi =", engine.evaluate_expression("pi"))\n    print("e =", engine.evaluate_expression("e"))\n    \n    print("\\nTrigonometric Functions:")\n    print("sin(0) =", engine.evaluate_expression("sin(0)"))\n    print("sin(pi/2) =", engine.evaluate_expression("sin(pi/2)"))\n    print("cos(0) =", engine.evaluate_expression("cos(0)"))\n    print("cos(pi) =", engine.evaluate_expression("cos(pi)"))\n    \n    print("\\nLogarithms:")\n    print("ln(e) =", engine.evaluate_expression("ln(e)"))\n    print("log(100) =", engine.evaluate_expression("log(100)"))\n    \n    print("\\nComplex Expressions:")\n    print("sin(pi/4) + cos(pi/4) =", engine.evaluate_expression("sin(pi/4) + cos(pi/4)"))\n    print("sqrt(16) + 2^3 =", engine.evaluate_expression("sqrt(16) + 2**3"))\n    \n    print("\\nAvailable Scientific Functions:")\n    for func in engine.scientific_functions_demo():\n        print("-", func)\n\nif __name__ == "__main__":\n    main()'})
[tool]: File written successfully to demo.py....
[ai]: Now let's run the demo to see our math engine in action:...
  [Tool Call]: run_python({'script': 'from math_engine import MathEngine\n\n# Create an instance of the MathEngine\nengine = MathEngine()\n\nprint("Math Engine Demo")\nprint("=" * 30)\n\n# Test basic arithmetic\nprint("Basic Arithmetic:")\nprint("2 + 3 =", engine.evaluate_expression("2 + 3"))\nprint("10 - 4 =", engine.evaluate_expression("10 - 4"))\nprint("3 * 4 =", engine.evaluate_expression("3 * 4"))\nprint("15 / 3 =", engine.evaluate_expression("15 / 3"))\n\nprint("\\nConstants:")\nprint("pi =", engine.evaluate_expression("pi"))\nprint("e =", engine.evaluate_expression("e"))\n\nprint("\\nTrigonometric Functions:")\nprint("sin(0) =", engine.evaluate_expression("sin(0)"))\nprint("sin(pi/2) =", engine.evaluate_expression("sin(pi/2)"))\nprint("cos(0) =", engine.evaluate_expression("cos(0)"))\nprint("cos(pi) =", engine.evaluate_expression("cos(pi)"))\n\nprint("\\nLogarithms:")\nprint("ln(e) =", engine.evaluate_expression("ln(e)"))\nprint("log(100) =", engine.evaluate_expression("log(100)"))\n\nprint("\\nComplex Expressions:")\nprint("sin(pi/4) + cos(pi/4) =", engine.evaluate_expression("sin(pi/4) + cos(pi/4)"))\nprint("sqrt(16) + 2^3 =", engine.evaluate_expression("sqrt(16) + 2**3"))'})
[tool]: [Error] Python script exited with code 1.
Traceback (most recent call last):
  File "C:\Users\LENOVO\AppData\Local\Temp\tmplf0ryh_c.py", line 1, in <module>
    from math_engine import MathEngine
ModuleNotFoundError: No module named 'math_engine'
...

--- Generation Loop at Sat May  9 18:31:57 2026 ---
[system]: 🆔 YOUR IDENTITY: You are slave2.

👷 WORKER DIRECTIVE: You are a specialized developer in an elite squad.
- YOUR DUTY: Execute your assigned task with precision. Focus on technical excellence.
- PERSISTENCE: You MUST use 'git_commit_and_push' frequently (after every significant edit) to ensure your work is saved and shared with the squad.
- REPORTING: You MUST use 'report_to_master' to share progress with your Master. If you are stuck, use 'ask_coworker'.

You are a highly capable autonomous developer agent in an elite squad.
AVAILABLE TOOLS:
- FILE OPS: 'read_file', 'write_file', 'list_directory', 'rename_file'
- EXECUTION: 'run_bat', 'run_bash', 'run_python'
- RESEARCH: 'web_search', 'fetch_url'
- VERSION CONTROL: 'git_status', 'git_commit_and_push', 'git_pull', 'git_stash_save', 'git_stash_pop'
- WHATSAPP: 'is_whatsapp_connected', 'send_whatsapp_message', 'get_whatsapp_last_messages'
- MAS COORDINATION: 'report_to_master', 'ask_coworker', 'send_mas_message', 'reply_mas_message', 'che...
[human]: Check your status and inbox. If you have a task, execute it. If you have finished, update your status and report to your Master....
[ai]: ...
  [Tool Call]: get_mas_identity({})
  [Tool Call]: get_unread_messages({})
  [Tool Call]: check_all_agents_status({})
[tool]: My ID: slave2 | My Level: 0 | My Master: rootMaster...
[tool]: You have no new unread messages....
[tool]: --- All Agents Status ---

Agent: slave1 (Parent: rootMaster)
System State: live (Last Active: 1778347479.1173089)
Task Status: None
Current Task: None...

Agent: slave2 (Parent: rootMaster)
System State: live (Last Active: 1778347478.1576626)
Task Status: None
Current Task: None...

Agent: rootMaster (Parent: None)
System State: live (Last Active: 1778347476.044807)
Task Status: None
Current Task: None...
...
[ai]: I've checked my status and inbox. I am slave2, operating under rootMaster. There are no new messages for me, and I currently have no assigned tasks.

I will now check the shared knowledge base to see if there are any ongoing projects or insights from my colleagues that I should be aware of....
  [Tool Call]: list_knowledge_topics({})
[tool]: The knowledge vault is currently empty....
[ai]: The knowledge vault is currently empty, which means there are no shared insights or ongoing projects documented yet.

Since I have no assigned tasks and no messages, I'll wait for further instructions from my Master or check for new messages periodically.

Would you like me to perform any specific actions or checks? Or should I just remain on standby for new tasks?...
[human]: Check your status and inbox. If you have a task, execute it. If you have finished, update your status and report to your Master....
[ai]: ...
  [Tool Call]: get_unread_messages({})
[tool]: You have no new unread messages....
[ai]: I've checked my inbox again, and there are still no new messages for me. I remain ready to receive and execute tasks from my Master or collaborate with my teammates.

Since there are no new tasks or messages, I'll continue to stand by. Please let me know if there's anything specific you'd like me to do or if you have a task for me....
[human]: Check your status and inbox. If you have a task, execute it. If you have finished, update your status and report to your Master....
[ai]: ...
  [Tool Call]: get_unread_messages({})
[tool]: You have no new unread messages....
[ai]: I've checked my inbox again, and there are still no new messages for me. I remain ready to receive and execute tasks from my Master or collaborate with my teammates.

Since there are no new tasks or messages, I'll continue to stand by. Please let me know if there's anything specific you'd like me to do or if you have a task for me....
[human]: Check your status and inbox. If you have a task, execute it. If you have finished, update your status and report to your Master.

[INBOX ALERT] You have 2 NEW messages. You have 1 UNREPLIED messages that REQUIRE a response. You MUST use 'get_unread_messages' to read new ones and 'get_unreplied_messages' to see what needs a response. Then use 'reply_mas_message' or 'send_mas_message' to respond immediately before continuing your work....
[ai]: ...
  [Tool Call]: get_unread_messages({})
[tool]: --- NEW UNREAD MESSAGES ---
  (Sno: 2) FROM rootMaster: Initial Mission Start: You are tasked with developing the core mathematical logic engine for our Advanced Scientific Calculator. This includes implementing expression parsing, scientific function evaluations, and ensuring accuracy. Plan your approach and provide a technical specification.
  (Sno: 3) FROM rootMaster: Develop the core mathematical logic engine for the calculator. Implement expression parsing (consider using SymPy or eval() safely), scientific function evaluations (sin, cos, tan, log, etc.), and ensure high accuracy in computations. Provide a technical specification of your approach.
...
[ai]: ...
  [Tool Call]: get_unreplied_messages({})
[tool]: --- UNREPLIED MESSAGES (REPLY REQUIRED) ---
  (Sno: 3) FROM rootMaster: Develop the core mathematical logic engine for the calculator. Implement expression parsing (consider using SymPy or eval() safely), scientific function evaluations (sin, cos, tan, log, etc.), and ensure high accuracy in computations. Provide a technical specification of your approach.
...
[ai]: I've received two messages from rootMaster regarding the development of a core mathematical logic engine for an Advanced Scientific Calculator. I'll now prepare a technical specification for this task and send it to rootMaster for review....
  [Tool Call]: send_mas_message({'to_id': 'rootMaster', 'message': 'Technical Specification for Core Mathematical Logic Engine:\n\n1. Expression Parsing:\n   - Use SymPy library for safe symbolic mathematics evaluation\n   - Implement a parser that converts string expressions to SymPy expressions\n   - Handle implicit multiplication (e.g., "2x" becomes "2*x")\n   - Support for parentheses and operator precedence\n\n2. Scientific Functions Implementation:\n   - Trigonometric functions: sin, cos, tan, cot, sec, csc\n   - Inverse trigonometric functions: asin, acos, atan\n   - Hyperbolic functions: sinh, cosh, tanh\n   - Logarithmic functions: ln, log (base 10), log_base_n\n   - Exponential functions: exp, power (^ or **)\n   - Constants: pi, e\n   - Other functions: sqrt, abs, factorial\n\n3. Accuracy Considerations:\n   - Use SymPy\'s arbitrary precision capabilities\n   - Implement proper error handling for domain restrictions (e.g., log of negative numbers)\n   - Validate input expressions before evaluation\n   - Provide configurable precision settings\n\n4. Architecture:\n   - MathEngine class as the main interface\n   - Separate modules for parsing, evaluation, and function handling\n   - Comprehensive unit tests for all functions\n   - Error reporting with meaningful messages\n\nI\'ll begin implementation of this specification now.'})
[tool]: Message sent to rootMaster...
[ai]: I've sent my technical specification to rootMaster. Now I'll begin implementing the core mathematical logic engine based on this specification.

First, I'll create the basic structure of our calculator's math engine with SymPy integration....
  [Tool Call]: write_file({'file_path': 'math_engine.py', 'text': '"""\nMathematical Logic Engine for Advanced Scientific Calculator\n"""\n\nimport sympy as sp\nfrom sympy import sin, cos, tan, cot, sec, csc, asin, acos, atan, sinh, cosh, tanh\nfrom sympy import log, ln, exp, sqrt, Abs as abs, factorial, pi, E\nfrom sympy.parsing.sympy_parser import parse_expr, standard_transformations, implicit_multiplication_application\n\nclass MathEngine:\n    def __init__(self, precision=10):\n        """\n        Initialize the MathEngine with specified precision.\n        \n        Args:\n            precision (int): Number of decimal places for floating point results\n        """\n        self.precision = precision\n        # Define transformations for parsing expressions\n        self.transformations = (standard_transformations + (implicit_multiplication_application,))\n    \n    def evaluate_expression(self, expression):\n        """\n        Evaluate a mathematical expression safely using SymPy.\n        \n        Args:\n            expression (str): Mathematical expression as a string\n            \n        Returns:\n            str: Evaluated result as a string with specified precision\n        """\n        try:\n            # Parse the expression with SymPy\n            parsed_expr = parse_expr(expression, transformations=self.transformations)\n            \n            # Evaluate the expression\n            result = parsed_expr.evalf(self.precision)\n            \n            # Format the result\n            if result.is_real:\n                return f"{float(result):.{self.precision}f}"\n            else:\n                return str(result)\n                \n        except Exception as e:\n            return f"Error evaluating expression: {str(e)}"\n    \n    def set_precision(self, precision):\n        """\n        Set the precision for floating point results.\n        \n        Args:\n            precision (int): Number of decimal places\n        """\n        self.precision = precision\n\n# Example usage:\n# engine = MathEngine()\n# result = engine.evaluate_expression("2*3 + sin(pi/2)")\n# print(result)'})
[tool]: File written successfully to math_engine.py....
[ai]: I've created the basic structure of our math engine with SymPy integration. Now I'll add more scientific functions and improve the error handling....
  [Tool Call]: write_file({'file_path': 'math_engine.py', 'text': '"""\nMathematical Logic Engine for Advanced Scientific Calculator\n"""\n\nimport sympy as sp\nfrom sympy import sin, cos, tan, cot, sec, csc, asin, acos, atan, sinh, cosh, tanh\nfrom sympy import log, ln, exp, sqrt, Abs as abs, factorial, pi, E\nfrom sympy.parsing.sympy_parser import parse_expr, standard_transformations, implicit_multiplication_application\n\nclass MathEngine:\n    def __init__(self, precision=10):\n        """\n        Initialize the MathEngine with specified precision.\n        \n        Args:\n            precision (int): Number of decimal places for floating point results\n        """\n        self.precision = precision\n        # Define transformations for parsing expressions\n        self.transformations = (standard_transformations + (implicit_multiplication_application,))\n        \n        # Define constants\n        self.constants = {\n            \'pi\': pi,\n            \'e\': E\n        }\n    \n    def evaluate_expression(self, expression):\n        """\n        Evaluate a mathematical expression safely using SymPy.\n        \n        Args:\n            expression (str): Mathematical expression as a string\n            \n        Returns:\n            str: Evaluated result as a string with specified precision\n        """\n        try:\n            # Replace constants in the expression\n            for const_name, const_value in self.constants.items():\n                expression = expression.replace(const_name, str(const_value))\n            \n            # Parse the expression with SymPy\n            parsed_expr = parse_expr(expression, transformations=self.transformations)\n            \n            # Evaluate the expression\n            result = parsed_expr.evalf(self.precision)\n            \n            # Format the result\n            if result.is_real:\n                return f"{float(result):.{self.precision}f}"\n            else:\n                return str(result)\n                \n        except Exception as e:\n            return f"Error evaluating expression: {str(e)}"\n    \n    def set_precision(self, precision):\n        """\n        Set the precision for floating point results.\n        \n        Args:\n            precision (int): Number of decimal places\n        """\n        self.precision = precision\n    \n    def scientific_functions_demo(self):\n        """\n        Demonstrate available scientific functions.\n        """\n        functions = [\n            "sin(x), cos(x), tan(x)",\n            "cot(x), sec(x), csc(x)",\n            "asin(x), acos(x), atan(x)",\n            "sinh(x), cosh(x), tanh(x)",\n            "log(x) - natural logarithm",\n            "ln(x) - natural logarithm",\n            "exp(x) - exponential function",\n            "sqrt(x) - square root",\n            "abs(x) - absolute value",\n            "factorial(n) - factorial"\n        ]\n        return functions\n\n# Example usage:\n# engine = MathEngine()\n# result = engine.evaluate_expression("2*3 + sin(pi/2)")\n# print(result)', 'append': False})
[tool]: File written successfully to math_engine.py....
[ai]: Now I'll create a test suite to verify that our math engine works correctly with various expressions and functions:...
  [Tool Call]: write_file({'file_path': 'test_math_engine.py', 'text': '"""\nTest Suite for Math Engine\n"""\n\nimport unittest\nfrom math_engine import MathEngine\n\nclass TestMathEngine(unittest.TestCase):\n    def setUp(self):\n        """Set up test fixtures before each test method."""\n        self.engine = MathEngine()\n    \n    def test_basic_arithmetic(self):\n        """Test basic arithmetic operations."""\n        self.assertEqual(self.engine.evaluate_expression("2 + 3"), "5.0000000000")\n        self.assertEqual(self.engine.evaluate_expression("10 - 4"), "6.0000000000")\n        self.assertEqual(self.engine.evaluate_expression("3 * 4"), "12.0000000000")\n        self.assertEqual(self.engine.evaluate_expression("15 / 3"), "5.0000000000")\n    \n    def test_implicit_multiplication(self):\n        """Test implicit multiplication."""\n        self.assertEqual(self.engine.evaluate_expression("2(3 + 4)"), "14.0000000000")\n        self.assertEqual(self.engine.evaluate_expression("3x"), "Error evaluating expression: undefined variable: x")\n    \n    def test_powers_and_roots(self):\n        """Test power and root functions."""\n        self.assertEqual(self.engine.evaluate_expression("2**3"), "8.0000000000")\n        self.assertEqual(self.engine.evaluate_expression("sqrt(16)"), "4.0000000000")\n    \n    def test_trigonometric_functions(self):\n        """Test trigonometric functions."""\n        # sin(0) = 0\n        self.assertEqual(self.engine.evaluate_expression("sin(0)"), "0.0000000000")\n        # sin(pi/2) = 1\n        self.assertEqual(self.engine.evaluate_expression("sin(pi/2)"), "1.0000000000")\n        # cos(0) = 1\n        self.assertEqual(self.engine.evaluate_expression("cos(0)"), "1.0000000000")\n    \n    def test_logarithms(self):\n        """Test logarithmic functions."""\n        # ln(e) = 1\n        self.assertEqual(self.engine.evaluate_expression("ln(e)"), "1.0000000000")\n        # log10(100) = 2\n        self.assertEqual(self.engine.evaluate_expression("log(100)"), "2.0000000000")\n    \n    def test_constants(self):\n        """Test mathematical constants."""\n        self.assertEqual(self.engine.evaluate_expression("pi"), "3.1415926536")\n        self.assertEqual(self.engine.evaluate_expression("e"), "2.7182818285")\n    \n    def test_complex_expressions(self):\n        """Test complex expressions."""\n        result = self.engine.evaluate_expression("sin(pi/4) + cos(pi/4)")\n        # Should be approximately sqrt(2) = 1.414...\n        self.assertEqual(result, "1.4142135624")\n    \n    def test_precision_setting(self):\n        """Test precision setting."""\n        self.engine.set_precision(5)\n        self.assertEqual(self.engine.evaluate_expression("pi"), "3.14159")\n\nif __name__ == \'__main__\':\n    unittest.main()'})
[tool]: File written successfully to test_math_engine.py....
[ai]: Let's run the tests to see if our math engine works correctly:...
  [Tool Call]: run_python({'script': 'import unittest\nfrom test_math_engine import TestMathEngine\n\n# Create a test suite\nsuite = unittest.TestLoader().loadTestsFromTestCase(TestMathEngine)\nrunner = unittest.TextTestRunner(verbosity=2)\nresult = runner.run(suite)'})
[tool]: [Error] Python script exited with code 1.
Traceback (most recent call last):
  File "C:\Users\LENOVO\AppData\Local\Temp\tmp_y_j_856.py", line 2, in <module>
    from test_math_engine import TestMathEngine
ModuleNotFoundError: No module named 'test_math_engine'
...
[ai]: It seems we need to run the test differently. Let's try running it directly as a script:...
  [Tool Call]: run_bash({'script': 'python -m pytest test_math_engine.py -v'})
[tool]: [Error] Bash execution is not supported on Windows....
[ai]: Let's try running the test with the python command directly:...
  [Tool Call]: run_bash({'script': 'python test_math_engine.py'})
[tool]: [Error] Bash execution is not supported on Windows....
[ai]: Let's modify our approach and create a simple demonstration script that shows our math engine working:...
  [Tool Call]: write_file({'file_path': 'demo.py', 'text': '"""\nDemo Script for Math Engine\n"""\n\nfrom math_engine import MathEngine\n\ndef main():\n    # Create an instance of the MathEngine\n    engine = MathEngine()\n    \n    print("Math Engine Demo")\n    print("=" * 30)\n    \n    # Test basic arithmetic\n    print("Basic Arithmetic:")\n    print("2 + 3 =", engine.evaluate_expression("2 + 3"))\n    print("10 - 4 =", engine.evaluate_expression("10 - 4"))\n    print("3 * 4 =", engine.evaluate_expression("3 * 4"))\n    print("15 / 3 =", engine.evaluate_expression("15 / 3"))\n    \n    print("\\nConstants:")\n    print("pi =", engine.evaluate_expression("pi"))\n    print("e =", engine.evaluate_expression("e"))\n    \n    print("\\nTrigonometric Functions:")\n    print("sin(0) =", engine.evaluate_expression("sin(0)"))\n    print("sin(pi/2) =", engine.evaluate_expression("sin(pi/2)"))\n    print("cos(0) =", engine.evaluate_expression("cos(0)"))\n    print("cos(pi) =", engine.evaluate_expression("cos(pi)"))\n    \n    print("\\nLogarithms:")\n    print("ln(e) =", engine.evaluate_expression("ln(e)"))\n    print("log(100) =", engine.evaluate_expression("log(100)"))\n    \n    print("\\nComplex Expressions:")\n    print("sin(pi/4) + cos(pi/4) =", engine.evaluate_expression("sin(pi/4) + cos(pi/4)"))\n    print("sqrt(16) + 2^3 =", engine.evaluate_expression("sqrt(16) + 2**3"))\n    \n    print("\\nAvailable Scientific Functions:")\n    for func in engine.scientific_functions_demo():\n        print("-", func)\n\nif __name__ == "__main__":\n    main()'})
[tool]: File written successfully to demo.py....
[ai]: Now let's run the demo to see our math engine in action:...
  [Tool Call]: run_python({'script': 'from math_engine import MathEngine\n\n# Create an instance of the MathEngine\nengine = MathEngine()\n\nprint("Math Engine Demo")\nprint("=" * 30)\n\n# Test basic arithmetic\nprint("Basic Arithmetic:")\nprint("2 + 3 =", engine.evaluate_expression("2 + 3"))\nprint("10 - 4 =", engine.evaluate_expression("10 - 4"))\nprint("3 * 4 =", engine.evaluate_expression("3 * 4"))\nprint("15 / 3 =", engine.evaluate_expression("15 / 3"))\n\nprint("\\nConstants:")\nprint("pi =", engine.evaluate_expression("pi"))\nprint("e =", engine.evaluate_expression("e"))\n\nprint("\\nTrigonometric Functions:")\nprint("sin(0) =", engine.evaluate_expression("sin(0)"))\nprint("sin(pi/2) =", engine.evaluate_expression("sin(pi/2)"))\nprint("cos(0) =", engine.evaluate_expression("cos(0)"))\nprint("cos(pi) =", engine.evaluate_expression("cos(pi)"))\n\nprint("\\nLogarithms:")\nprint("ln(e) =", engine.evaluate_expression("ln(e)"))\nprint("log(100) =", engine.evaluate_expression("log(100)"))\n\nprint("\\nComplex Expressions:")\nprint("sin(pi/4) + cos(pi/4) =", engine.evaluate_expression("sin(pi/4) + cos(pi/4)"))\nprint("sqrt(16) + 2^3 =", engine.evaluate_expression("sqrt(16) + 2**3"))'})
[tool]: [Error] Python script exited with code 1.
Traceback (most recent call last):
  File "C:\Users\LENOVO\AppData\Local\Temp\tmplf0ryh_c.py", line 1, in <module>
    from math_engine import MathEngine
ModuleNotFoundError: No module named 'math_engine'
...
[ai]: It seems we're having issues with module imports. Let's check our current directory and make sure our files are there:...
  [Tool Call]: list_directory({'dir_path': '.'})
[tool]: .git
.mas
demo.py
docs
math_engine.py
project_plan.md
src
test_math_engine.py
__pycache__...
